rec_id,category,title,text,tags,expert_weight,safety_level,advice_strength
R051,diet,Eczema-friendly: Hydration-first plate,"Prioritize water-rich foods and regular fluids; dehydration can worsen skin discomfort. For dryness/itch flares, keep routines simple and barrier-protective.",eczema|dryness|itching|barrier_repair|trigger_avoidance|eczema_support|hydration|routine,0.84,safe,strong
R052,diet,Eczema-friendly: Balanced low-spike meals,"Choose balanced meals and reduce frequent high-sugar spikes to support overall skin stability. For dryness/itch flares, keep routines simple and barrier-protective.",eczema|dryness|itching|barrier_repair|trigger_avoidance|eczema_support|balanced_meals|glycemic_support,0.84,safe,strong
R053,diet,Eczema-friendly: Gentle gut-friendly routine,"Keep meal timing consistent and include fiber-rich foods to support digestion-related skin flares. For dryness/itch flares, keep routines simple and barrier-protective.",eczema|dryness|itching|barrier_repair|trigger_avoidance|eczema_support|routine|digestion_support,0.84,safe,strong
R054,diet,Eczema-friendly: Cooling foods when heat is high,"When redness/heat sensations are present, prefer mild cooling foods and avoid very spicy choices. For dryness/itch flares, keep routines simple and barrier-protective.",eczema|dryness|itching|barrier_repair|trigger_avoidance|eczema_support|cooling|heat_support,0.84,safe,strong
R055,diet,Eczema-friendly: Reduce ultra-processed triggers,"Limit ultra-processed foods that often correlate with flare cycles; observe your personal triggers. For dryness/itch flares, keep routines simple and barrier-protective.",eczema|dryness|itching|barrier_repair|trigger_avoidance|eczema_support|tracking,0.84,safe,strong
R056,diet,Eczema-friendly: Healthy fats for barrier support,"Include moderate healthy fats (as tolerated) to support the skin barrier and dryness control. For dryness/itch flares, keep routines simple and barrier-protective.",eczema|dryness|itching|barrier_repair|trigger_avoidance|eczema_support|nutrition,0.84,safe,strong
R057,diet,Eczema-friendly: Mindful dairy check (individualized),"If you suspect dairy aggravates your skin, trial a short, monitored reduction and track changes. For dryness/itch flares, keep routines simple and barrier-protective.",eczema|dryness|itching|barrier_repair|trigger_avoidance|eczema_support|trigger_tracking|individualized,0.84,caution,strong
R058,lifestyle,Eczema-friendly: Consistent sleep window,"Aim for a consistent sleep schedule; irregular sleep can worsen itch, stress, and inflammation. For dryness/itch flares, keep routines simple and barrier-protective.",eczema|dryness|itching|barrier_repair|trigger_avoidance|eczema_support|sleep|routine,0.83,safe,strong
R059,lifestyle,Eczema-friendly: Stress downshift practice,"Use a short daily stress-downshift (breathing, walk, journaling) to reduce flare triggers. For dryness/itch flares, keep routines simple and barrier-protective.",eczema|dryness|itching|barrier_repair|trigger_avoidance|eczema_support|stress_support|routine,0.83,safe,strong
R060,lifestyle,Eczema-friendly: Sweat management habit,"After heavy sweating, change into dry clothing and cleanse gently to reduce irritation and fungal risk. For dryness/itch flares, keep routines simple and barrier-protective.",eczema|dryness|itching|barrier_repair|trigger_avoidance|eczema_support|hygiene|moisture_control,0.83,safe,strong
R061,lifestyle,Eczema-friendly: Trigger journal,"Track stress, weather, products, and foods during flares to find repeatable triggers. For dryness/itch flares, keep routines simple and barrier-protective.",eczema|dryness|itching|barrier_repair|trigger_avoidance|eczema_support|tracking|trigger_tracking,0.83,safe,strong
R062,lifestyle,Eczema-friendly: Sun-smart routine,"Use shade, hats, and consistent sun protection habits to reduce redness and pigmentation worsening. For dryness/itch flares, keep routines simple and barrier-protective.",eczema|dryness|itching|barrier_repair|trigger_avoidance|eczema_support|sun_protection|routine,0.83,safe,strong
R063,lifestyle,Eczema-friendly: Friction reduction,"Reduce friction from tight clothing and rough fabrics; friction can amplify irritation and redness. For dryness/itch flares, keep routines simple and barrier-protective.",eczema|dryness|itching|barrier_repair|trigger_avoidance|eczema_support|friction_reduction|gentle_care,0.83,safe,strong
R064,lifestyle,Eczema-friendly: Humidity and ventilation,"Keep living spaces ventilated; humidity control can help reduce fungal and irritation triggers. For dryness/itch flares, keep routines simple and barrier-protective.",eczema|dryness|itching|barrier_repair|trigger_avoidance|eczema_support|home_environment|moisture_control,0.83,safe,strong
R065,home_care,Eczema-friendly: Gentle cleansing rule,"Cleanse with mild, fragrance-free products; avoid harsh scrubbing that damages the barrier. For dryness/itch flares, keep routines simple and barrier-protective.",eczema|dryness|itching|barrier_repair|trigger_avoidance|eczema_support|gentle_cleansing,0.9,safe,strong
R066,home_care,Eczema-friendly: Moisturize strategically,"Moisturize soon after bathing to lock in water and support barrier recovery. For dryness/itch flares, keep routines simple and barrier-protective.",eczema|dryness|itching|barrier_repair|trigger_avoidance|eczema_support|hydration,0.9,safe,strong
R067,home_care,Eczema-friendly: Short lukewarm showers,"Prefer short lukewarm showers over long hot ones to reduce dryness and irritation. For dryness/itch flares, keep routines simple and barrier-protective.",eczema|dryness|itching|barrier_repair|trigger_avoidance|eczema_support|gentle_care,0.9,safe,strong
R068,home_care,Eczema-friendly: Patch-test new products,"Test new skincare on a small area before full use to reduce contact reactions. For dryness/itch flares, keep routines simple and barrier-protective.",eczema|dryness|itching|barrier_repair|trigger_avoidance|eczema_support|patch_testing|irritant_avoidance,0.9,caution,strong
R069,home_care,Eczema-friendly: Nail and scratch control,"Keep nails short and use distractions to reduce scratching that worsens barrier injury. For dryness/itch flares, keep routines simple and barrier-protective.",eczema|dryness|itching|barrier_repair|trigger_avoidance|eczema_support|itching_control,0.9,safe,strong
R070,home_care,Eczema-friendly: Clean textiles routine,"Wash towels and pillowcases regularly; clean textiles can reduce irritation and recurrence cycles. For dryness/itch flares, keep routines simple and barrier-protective.",eczema|dryness|itching|barrier_repair|trigger_avoidance|eczema_support|hygiene|routine,0.9,safe,strong
R071,home_care,Eczema-friendly: Breathable fabric choice,"Use breathable fabrics and avoid prolonged dampness in folds to reduce fungal recurrence risk. For dryness/itch flares, keep routines simple and barrier-protective.",eczema|dryness|itching|barrier_repair|trigger_avoidance|eczema_support|breathable_clothing|moisture_control,0.9,safe,strong
R072,home_care,Eczema-friendly: Cool compress (brief),"Use a brief cool compress for heat/itch sensations; avoid prolonged cold exposure. For dryness/itch flares, keep routines simple and barrier-protective.",eczema|dryness|itching|barrier_repair|trigger_avoidance|eczema_support|cooling|comfort_support,0.9,safe,strong
R073,diet,Acne-support: Hydration-first plate,"Prioritize water-rich foods and regular fluids; dehydration can worsen skin discomfort. For acne-prone skin, emphasize gentle cleansing and avoid picking or harsh over-stripping.",acne|oil_control|inflammation|comedones|hygiene|acne_support|hydration|routine,0.84,safe,strong
R074,diet,Acne-support: Balanced low-spike meals,"Choose balanced meals and reduce frequent high-sugar spikes to support overall skin stability. For acne-prone skin, emphasize gentle cleansing and avoid picking or harsh over-stripping.",acne|oil_control|inflammation|comedones|hygiene|acne_support|balanced_meals|glycemic_support,0.84,safe,strong
R075,diet,Acne-support: Gentle gut-friendly routine,"Keep meal timing consistent and include fiber-rich foods to support digestion-related skin flares. For acne-prone skin, emphasize gentle cleansing and avoid picking or harsh over-stripping.",acne|oil_control|inflammation|comedones|hygiene|acne_support|routine|digestion_support,0.84,safe,strong
R076,diet,Acne-support: Cooling foods when heat is high,"When redness/heat sensations are present, prefer mild cooling foods and avoid very spicy choices. For acne-prone skin, emphasize gentle cleansing and avoid picking or harsh over-stripping.",acne|oil_control|inflammation|comedones|hygiene|acne_support|cooling|heat_support,0.84,safe,strong
R077,diet,Acne-support: Reduce ultra-processed triggers,"Limit ultra-processed foods that often correlate with flare cycles; observe your personal triggers. For acne-prone skin, emphasize gentle cleansing and avoid picking or harsh over-stripping.",acne|oil_control|inflammation|comedones|hygiene|acne_support|trigger_avoidance|tracking,0.84,safe,strong
R078,diet,Acne-support: Healthy fats for barrier support,"Include moderate healthy fats (as tolerated) to support the skin barrier and dryness control. For acne-prone skin, emphasize gentle cleansing and avoid picking or harsh over-stripping.",acne|oil_control|inflammation|comedones|hygiene|acne_support|barrier_repair|nutrition,0.84,safe,strong
R079,diet,Acne-support: Mindful dairy check (individualized),"If you suspect dairy aggravates your skin, trial a short, monitored reduction and track changes. For acne-prone skin, emphasize gentle cleansing and avoid picking or harsh over-stripping.",acne|oil_control|inflammation|comedones|hygiene|acne_support|trigger_tracking|individualized,0.84,caution,strong
R080,lifestyle,Acne-support: Consistent sleep window,"Aim for a consistent sleep schedule; irregular sleep can worsen itch, stress, and inflammation. For acne-prone skin, emphasize gentle cleansing and avoid picking or harsh over-stripping.",acne|oil_control|inflammation|comedones|hygiene|acne_support|sleep|routine,0.83,safe,strong
R081,lifestyle,Acne-support: Stress downshift practice,"Use a short daily stress-downshift (breathing, walk, journaling) to reduce flare triggers. For acne-prone skin, emphasize gentle cleansing and avoid picking or harsh over-stripping.",acne|oil_control|inflammation|comedones|hygiene|acne_support|stress_support|routine,0.83,safe,strong
R082,lifestyle,Acne-support: Sweat management habit,"After heavy sweating, change into dry clothing and cleanse gently to reduce irritation and fungal risk. For acne-prone skin, emphasize gentle cleansing and avoid picking or harsh over-stripping.",acne|oil_control|inflammation|comedones|hygiene|acne_support|moisture_control,0.83,safe,strong
R083,lifestyle,Acne-support: Trigger journal,"Track stress, weather, products, and foods during flares to find repeatable triggers. For acne-prone skin, emphasize gentle cleansing and avoid picking or harsh over-stripping.",acne|oil_control|inflammation|comedones|hygiene|acne_support|tracking|trigger_tracking,0.83,safe,strong
R084,lifestyle,Acne-support: Sun-smart routine,"Use shade, hats, and consistent sun protection habits to reduce redness and pigmentation worsening. For acne-prone skin, emphasize gentle cleansing and avoid picking or harsh over-stripping.",acne|oil_control|inflammation|comedones|hygiene|acne_support|sun_protection|routine,0.83,safe,strong
R085,lifestyle,Acne-support: Friction reduction,"Reduce friction from tight clothing and rough fabrics; friction can amplify irritation and redness. For acne-prone skin, emphasize gentle cleansing and avoid picking or harsh over-stripping.",acne|oil_control|inflammation|comedones|hygiene|acne_support|friction_reduction|gentle_care,0.83,safe,strong
R086,lifestyle,Acne-support: Humidity and ventilation,"Keep living spaces ventilated; humidity control can help reduce fungal and irritation triggers. For acne-prone skin, emphasize gentle cleansing and avoid picking or harsh over-stripping.",acne|oil_control|inflammation|comedones|hygiene|acne_support|home_environment|moisture_control,0.83,safe,strong
R087,home_care,Acne-support: Gentle cleansing rule,"Cleanse with mild, fragrance-free products; avoid harsh scrubbing that damages the barrier. For acne-prone skin, emphasize gentle cleansing and avoid picking or harsh over-stripping.",acne|oil_control|inflammation|comedones|hygiene|acne_support|gentle_cleansing|barrier_repair,0.9,safe,strong
R088,home_care,Acne-support: Moisturize strategically,"Moisturize soon after bathing to lock in water and support barrier recovery. For acne-prone skin, emphasize gentle cleansing and avoid picking or harsh over-stripping.",acne|oil_control|inflammation|comedones|hygiene|acne_support|barrier_repair|hydration,0.9,safe,strong
R089,home_care,Acne-support: Short lukewarm showers,"Prefer short lukewarm showers over long hot ones to reduce dryness and irritation. For acne-prone skin, emphasize gentle cleansing and avoid picking or harsh over-stripping.",acne|oil_control|inflammation|comedones|hygiene|acne_support|barrier_repair|gentle_care,0.9,safe,strong
R090,home_care,Acne-support: Patch-test new products,"Test new skincare on a small area before full use to reduce contact reactions. For acne-prone skin, emphasize gentle cleansing and avoid picking or harsh over-stripping.",acne|oil_control|inflammation|comedones|hygiene|acne_support|patch_testing|irritant_avoidance,0.9,caution,strong
R091,home_care,Acne-support: Nail and scratch control,"Keep nails short and use distractions to reduce scratching that worsens barrier injury. For acne-prone skin, emphasize gentle cleansing and avoid picking or harsh over-stripping.",acne|oil_control|inflammation|comedones|hygiene|acne_support|itching_control|barrier_repair,0.9,safe,strong
R092,home_care,Acne-support: Clean textiles routine,"Wash towels and pillowcases regularly; clean textiles can reduce irritation and recurrence cycles. For acne-prone skin, emphasize gentle cleansing and avoid picking or harsh over-stripping.",acne|oil_control|inflammation|comedones|hygiene|acne_support|routine,0.9,safe,strong
R093,home_care,Acne-support: Breathable fabric choice,"Use breathable fabrics and avoid prolonged dampness in folds to reduce fungal recurrence risk. For acne-prone skin, emphasize gentle cleansing and avoid picking or harsh over-stripping.",acne|oil_control|inflammation|comedones|hygiene|acne_support|breathable_clothing|moisture_control,0.9,safe,strong
R094,home_care,Acne-support: Cool compress (brief),"Use a brief cool compress for heat/itch sensations; avoid prolonged cold exposure. For acne-prone skin, emphasize gentle cleansing and avoid picking or harsh over-stripping.",acne|oil_control|inflammation|comedones|hygiene|acne_support|cooling|comfort_support,0.9,safe,strong
R095,diet,Psoriasis-support: Hydration-first plate,"Prioritize water-rich foods and regular fluids; dehydration can worsen skin discomfort. For scaling plaques, be extra gentle and avoid aggressive scrubbing.",psoriasis|scaling|inflammation|gentle_care|routine|psoriasis_support|hydration,0.84,safe,moderate
R096,diet,Psoriasis-support: Balanced low-spike meals,"Choose balanced meals and reduce frequent high-sugar spikes to support overall skin stability. For scaling plaques, be extra gentle and avoid aggressive scrubbing.",psoriasis|scaling|inflammation|gentle_care|routine|psoriasis_support|balanced_meals|glycemic_support,0.84,safe,moderate
R097,diet,Psoriasis-support: Gentle gut-friendly routine,"Keep meal timing consistent and include fiber-rich foods to support digestion-related skin flares. For scaling plaques, be extra gentle and avoid aggressive scrubbing.",psoriasis|scaling|inflammation|gentle_care|routine|psoriasis_support|digestion_support,0.84,safe,moderate
R098,diet,Psoriasis-support: Cooling foods when heat is high,"When redness/heat sensations are present, prefer mild cooling foods and avoid very spicy choices. For scaling plaques, be extra gentle and avoid aggressive scrubbing.",psoriasis|scaling|inflammation|gentle_care|routine|psoriasis_support|cooling|heat_support,0.84,safe,moderate
R099,diet,Psoriasis-support: Reduce ultra-processed triggers,"Limit ultra-processed foods that often correlate with flare cycles; observe your personal triggers. For scaling plaques, be extra gentle and avoid aggressive scrubbing.",psoriasis|scaling|inflammation|gentle_care|routine|psoriasis_support|trigger_avoidance|tracking,0.84,safe,moderate
R100,diet,Psoriasis-support: Healthy fats for barrier support,"Include moderate healthy fats (as tolerated) to support the skin barrier and dryness control. For scaling plaques, be extra gentle and avoid aggressive scrubbing.",psoriasis|scaling|inflammation|gentle_care|routine|psoriasis_support|barrier_repair|nutrition,0.84,safe,strong
R101,diet,Psoriasis-support: Mindful dairy check (individualized),"If you suspect dairy aggravates your skin, trial a short, monitored reduction and track changes. For scaling plaques, be extra gentle and avoid aggressive scrubbing.",psoriasis|scaling|inflammation|gentle_care|routine|psoriasis_support|trigger_tracking|individualized,0.84,caution,moderate
R102,lifestyle,Psoriasis-support: Consistent sleep window,"Aim for a consistent sleep schedule; irregular sleep can worsen itch, stress, and inflammation. For scaling plaques, be extra gentle and avoid aggressive scrubbing.",psoriasis|scaling|inflammation|gentle_care|routine|psoriasis_support|sleep,0.83,safe,moderate
R103,lifestyle,Psoriasis-support: Stress downshift practice,"Use a short daily stress-downshift (breathing, walk, journaling) to reduce flare triggers. For scaling plaques, be extra gentle and avoid aggressive scrubbing.",psoriasis|scaling|inflammation|gentle_care|routine|psoriasis_support|stress_support,0.83,safe,moderate
R104,lifestyle,Psoriasis-support: Sweat management habit,"After heavy sweating, change into dry clothing and cleanse gently to reduce irritation and fungal risk. For scaling plaques, be extra gentle and avoid aggressive scrubbing.",psoriasis|scaling|inflammation|gentle_care|routine|psoriasis_support|hygiene|moisture_control,0.83,safe,strong
R105,lifestyle,Psoriasis-support: Trigger journal,"Track stress, weather, products, and foods during flares to find repeatable triggers. For scaling plaques, be extra gentle and avoid aggressive scrubbing.",psoriasis|scaling|inflammation|gentle_care|routine|psoriasis_support|tracking|trigger_tracking,0.83,safe,moderate
R106,lifestyle,Psoriasis-support: Sun-smart routine,"Use shade, hats, and consistent sun protection habits to reduce redness and pigmentation worsening. For scaling plaques, be extra gentle and avoid aggressive scrubbing.",psoriasis|scaling|inflammation|gentle_care|routine|psoriasis_support|sun_protection,0.83,safe,strong
R107,lifestyle,Psoriasis-support: Friction reduction,"Reduce friction from tight clothing and rough fabrics; friction can amplify irritation and redness. For scaling plaques, be extra gentle and avoid aggressive scrubbing.",psoriasis|scaling|inflammation|gentle_care|routine|psoriasis_support|friction_reduction,0.83,safe,moderate
R108,lifestyle,Psoriasis-support: Humidity and ventilation,"Keep living spaces ventilated; humidity control can help reduce fungal and irritation triggers. For scaling plaques, be extra gentle and avoid aggressive scrubbing.",psoriasis|scaling|inflammation|gentle_care|routine|psoriasis_support|home_environment|moisture_control,0.83,safe,moderate
R109,home_care,Psoriasis-support: Gentle cleansing rule,"Cleanse with mild, fragrance-free products; avoid harsh scrubbing that damages the barrier. For scaling plaques, be extra gentle and avoid aggressive scrubbing.",psoriasis|scaling|inflammation|gentle_care|routine|psoriasis_support|gentle_cleansing|barrier_repair,0.9,safe,strong
R110,home_care,Psoriasis-support: Moisturize strategically,"Moisturize soon after bathing to lock in water and support barrier recovery. For scaling plaques, be extra gentle and avoid aggressive scrubbing.",psoriasis|scaling|inflammation|gentle_care|routine|psoriasis_support|barrier_repair|hydration,0.9,safe,strong
R111,home_care,Psoriasis-support: Short lukewarm showers,"Prefer short lukewarm showers over long hot ones to reduce dryness and irritation. For scaling plaques, be extra gentle and avoid aggressive scrubbing.",psoriasis|scaling|inflammation|gentle_care|routine|psoriasis_support|barrier_repair,0.9,safe,strong
R112,home_care,Psoriasis-support: Patch-test new products,"Test new skincare on a small area before full use to reduce contact reactions. For scaling plaques, be extra gentle and avoid aggressive scrubbing.",psoriasis|scaling|inflammation|gentle_care|routine|psoriasis_support|patch_testing|irritant_avoidance,0.9,caution,moderate
R113,home_care,Psoriasis-support: Nail and scratch control,"Keep nails short and use distractions to reduce scratching that worsens barrier injury. For scaling plaques, be extra gentle and avoid aggressive scrubbing.",psoriasis|scaling|inflammation|gentle_care|routine|psoriasis_support|itching_control|barrier_repair,0.9,safe,strong
R114,home_care,Psoriasis-support: Clean textiles routine,"Wash towels and pillowcases regularly; clean textiles can reduce irritation and recurrence cycles. For scaling plaques, be extra gentle and avoid aggressive scrubbing.",psoriasis|scaling|inflammation|gentle_care|routine|psoriasis_support|hygiene,0.9,safe,strong
R115,home_care,Psoriasis-support: Breathable fabric choice,"Use breathable fabrics and avoid prolonged dampness in folds to reduce fungal recurrence risk. For scaling plaques, be extra gentle and avoid aggressive scrubbing.",psoriasis|scaling|inflammation|gentle_care|routine|psoriasis_support|breathable_clothing|moisture_control,0.9,safe,moderate
R116,home_care,Psoriasis-support: Cool compress (brief),"Use a brief cool compress for heat/itch sensations; avoid prolonged cold exposure. For scaling plaques, be extra gentle and avoid aggressive scrubbing.",psoriasis|scaling|inflammation|gentle_care|routine|psoriasis_support|cooling|comfort_support,0.9,safe,moderate
R117,diet,Fungal-support: Hydration-first plate,"Prioritize water-rich foods and regular fluids; dehydration can worsen skin discomfort. For fungal-prone areas, prioritize dryness, ventilation, and sweat control habits.",fungal_infection|hygiene|moisture_control|breathable_clothing|fungal_support|hydration|routine,0.84,safe,strong
R118,diet,Fungal-support: Balanced low-spike meals,"Choose balanced meals and reduce frequent high-sugar spikes to support overall skin stability. For fungal-prone areas, prioritize dryness, ventilation, and sweat control habits.",fungal_infection|hygiene|moisture_control|breathable_clothing|fungal_support|balanced_meals|glycemic_support,0.84,safe,strong
R119,diet,Fungal-support: Gentle gut-friendly routine,"Keep meal timing consistent and include fiber-rich foods to support digestion-related skin flares. For fungal-prone areas, prioritize dryness, ventilation, and sweat control habits.",fungal_infection|hygiene|moisture_control|breathable_clothing|fungal_support|routine|digestion_support,0.84,safe,strong
R120,diet,Fungal-support: Cooling foods when heat is high,"When redness/heat sensations are present, prefer mild cooling foods and avoid very spicy choices. For fungal-prone areas, prioritize dryness, ventilation, and sweat control habits.",fungal_infection|hygiene|moisture_control|breathable_clothing|fungal_support|cooling|heat_support,0.84,safe,strong
R121,diet,Fungal-support: Reduce ultra-processed triggers,"Limit ultra-processed foods that often correlate with flare cycles; observe your personal triggers. For fungal-prone areas, prioritize dryness, ventilation, and sweat control habits.",fungal_infection|hygiene|moisture_control|breathable_clothing|fungal_support|trigger_avoidance|tracking,0.84,safe,strong
R122,diet,Fungal-support: Healthy fats for barrier support,"Include moderate healthy fats (as tolerated) to support the skin barrier and dryness control. For fungal-prone areas, prioritize dryness, ventilation, and sweat control habits.",fungal_infection|hygiene|moisture_control|breathable_clothing|fungal_support|barrier_repair|nutrition,0.84,safe,strong
R123,diet,Fungal-support: Mindful dairy check (individualized),"If you suspect dairy aggravates your skin, trial a short, monitored reduction and track changes. For fungal-prone areas, prioritize dryness, ventilation, and sweat control habits.",fungal_infection|hygiene|moisture_control|breathable_clothing|fungal_support|trigger_tracking|individualized,0.84,caution,strong
R124,lifestyle,Fungal-support: Consistent sleep window,"Aim for a consistent sleep schedule; irregular sleep can worsen itch, stress, and inflammation. For fungal-prone areas, prioritize dryness, ventilation, and sweat control habits.",fungal_infection|hygiene|moisture_control|breathable_clothing|fungal_support|sleep|routine,0.83,safe,strong
R125,lifestyle,Fungal-support: Stress downshift practice,"Use a short daily stress-downshift (breathing, walk, journaling) to reduce flare triggers. For fungal-prone areas, prioritize dryness, ventilation, and sweat control habits.",fungal_infection|hygiene|moisture_control|breathable_clothing|fungal_support|stress_support|routine,0.83,safe,strong
R126,lifestyle,Fungal-support: Sweat management habit,"After heavy sweating, change into dry clothing and cleanse gently to reduce irritation and fungal risk. For fungal-prone areas, prioritize dryness, ventilation, and sweat control habits.",fungal_infection|hygiene|moisture_control|breathable_clothing|fungal_support,0.83,safe,strong
R127,lifestyle,Fungal-support: Trigger journal,"Track stress, weather, products, and foods during flares to find repeatable triggers. For fungal-prone areas, prioritize dryness, ventilation, and sweat control habits.",fungal_infection|hygiene|moisture_control|breathable_clothing|fungal_support|tracking|trigger_tracking,0.83,safe,strong
R128,lifestyle,Fungal-support: Sun-smart routine,"Use shade, hats, and consistent sun protection habits to reduce redness and pigmentation worsening. For fungal-prone areas, prioritize dryness, ventilation, and sweat control habits.",fungal_infection|hygiene|moisture_control|breathable_clothing|fungal_support|sun_protection|routine,0.83,safe,strong
R129,lifestyle,Fungal-support: Friction reduction,"Reduce friction from tight clothing and rough fabrics; friction can amplify irritation and redness. For fungal-prone areas, prioritize dryness, ventilation, and sweat control habits.",fungal_infection|hygiene|moisture_control|breathable_clothing|fungal_support|friction_reduction|gentle_care,0.83,safe,strong
R130,lifestyle,Fungal-support: Humidity and ventilation,"Keep living spaces ventilated; humidity control can help reduce fungal and irritation triggers. For fungal-prone areas, prioritize dryness, ventilation, and sweat control habits.",fungal_infection|hygiene|moisture_control|breathable_clothing|fungal_support|home_environment,0.83,safe,strong
R131,home_care,Fungal-support: Gentle cleansing rule,"Cleanse with mild, fragrance-free products; avoid harsh scrubbing that damages the barrier. For fungal-prone areas, prioritize dryness, ventilation, and sweat control habits.",fungal_infection|hygiene|moisture_control|breathable_clothing|fungal_support|gentle_cleansing|barrier_repair,0.9,safe,strong
R132,home_care,Fungal-support: Moisturize strategically,"Moisturize soon after bathing to lock in water and support barrier recovery. For fungal-prone areas, prioritize dryness, ventilation, and sweat control habits.",fungal_infection|hygiene|moisture_control|breathable_clothing|fungal_support|barrier_repair|hydration,0.9,safe,strong
R133,home_care,Fungal-support: Short lukewarm showers,"Prefer short lukewarm showers over long hot ones to reduce dryness and irritation. For fungal-prone areas, prioritize dryness, ventilation, and sweat control habits.",fungal_infection|hygiene|moisture_control|breathable_clothing|fungal_support|barrier_repair|gentle_care,0.9,safe,strong
R134,home_care,Fungal-support: Patch-test new products,"Test new skincare on a small area before full use to reduce contact reactions. For fungal-prone areas, prioritize dryness, ventilation, and sweat control habits.",fungal_infection|hygiene|moisture_control|breathable_clothing|fungal_support|patch_testing|irritant_avoidance,0.9,caution,strong
R135,home_care,Fungal-support: Nail and scratch control,"Keep nails short and use distractions to reduce scratching that worsens barrier injury. For fungal-prone areas, prioritize dryness, ventilation, and sweat control habits.",fungal_infection|hygiene|moisture_control|breathable_clothing|fungal_support|itching_control|barrier_repair,0.9,safe,strong
R136,home_care,Fungal-support: Clean textiles routine,"Wash towels and pillowcases regularly; clean textiles can reduce irritation and recurrence cycles. For fungal-prone areas, prioritize dryness, ventilation, and sweat control habits.",fungal_infection|hygiene|moisture_control|breathable_clothing|fungal_support|routine,0.9,safe,strong
R137,home_care,Fungal-support: Breathable fabric choice,"Use breathable fabrics and avoid prolonged dampness in folds to reduce fungal recurrence risk. For fungal-prone areas, prioritize dryness, ventilation, and sweat control habits.",fungal_infection|hygiene|moisture_control|breathable_clothing|fungal_support,0.9,safe,strong
R138,home_care,Fungal-support: Cool compress (brief),"Use a brief cool compress for heat/itch sensations; avoid prolonged cold exposure. For fungal-prone areas, prioritize dryness, ventilation, and sweat control habits.",fungal_infection|hygiene|moisture_control|breathable_clothing|fungal_support|cooling|comfort_support,0.9,safe,strong
R139,diet,Dry-skin support: Hydration-first plate,"Prioritize water-rich foods and regular fluids; dehydration can worsen skin discomfort. For chronic dryness, prioritize moisture retention and barrier repair habits.",dry_skin|hydration|barrier_repair|gentle_cleansing|dryness|routine,0.84,safe,strong
R140,diet,Dry-skin support: Balanced low-spike meals,"Choose balanced meals and reduce frequent high-sugar spikes to support overall skin stability. For chronic dryness, prioritize moisture retention and barrier repair habits.",dry_skin|hydration|barrier_repair|gentle_cleansing|dryness|balanced_meals|glycemic_support,0.84,safe,strong
R141,diet,Dry-skin support: Gentle gut-friendly routine,"Keep meal timing consistent and include fiber-rich foods to support digestion-related skin flares. For chronic dryness, prioritize moisture retention and barrier repair habits.",dry_skin|hydration|barrier_repair|gentle_cleansing|dryness|routine|digestion_support,0.84,safe,strong
R142,diet,Dry-skin support: Cooling foods when heat is high,"When redness/heat sensations are present, prefer mild cooling foods and avoid very spicy choices. For chronic dryness, prioritize moisture retention and barrier repair habits.",dry_skin|hydration|barrier_repair|gentle_cleansing|dryness|cooling|heat_support,0.84,safe,strong
R143,diet,Dry-skin support: Reduce ultra-processed triggers,"Limit ultra-processed foods that often correlate with flare cycles; observe your personal triggers. For chronic dryness, prioritize moisture retention and barrier repair habits.",dry_skin|hydration|barrier_repair|gentle_cleansing|dryness|trigger_avoidance|tracking,0.84,safe,strong
R144,diet,Dry-skin support: Healthy fats for barrier support,"Include moderate healthy fats (as tolerated) to support the skin barrier and dryness control. For chronic dryness, prioritize moisture retention and barrier repair habits.",dry_skin|hydration|barrier_repair|gentle_cleansing|dryness|nutrition,0.84,safe,strong
R145,diet,Dry-skin support: Mindful dairy check (individualized),"If you suspect dairy aggravates your skin, trial a short, monitored reduction and track changes. For chronic dryness, prioritize moisture retention and barrier repair habits.",dry_skin|hydration|barrier_repair|gentle_cleansing|dryness|trigger_tracking|individualized,0.84,caution,strong
R146,lifestyle,Dry-skin support: Consistent sleep window,"Aim for a consistent sleep schedule; irregular sleep can worsen itch, stress, and inflammation. For chronic dryness, prioritize moisture retention and barrier repair habits.",dry_skin|hydration|barrier_repair|gentle_cleansing|dryness|sleep|routine,0.83,safe,strong
R147,lifestyle,Dry-skin support: Stress downshift practice,"Use a short daily stress-downshift (breathing, walk, journaling) to reduce flare triggers. For chronic dryness, prioritize moisture retention and barrier repair habits.",dry_skin|hydration|barrier_repair|gentle_cleansing|dryness|stress_support|routine,0.83,safe,strong
R148,lifestyle,Dry-skin support: Sweat management habit,"After heavy sweating, change into dry clothing and cleanse gently to reduce irritation and fungal risk. For chronic dryness, prioritize moisture retention and barrier repair habits.",dry_skin|hydration|barrier_repair|gentle_cleansing|dryness|hygiene|moisture_control,0.83,safe,strong
R149,lifestyle,Dry-skin support: Trigger journal,"Track stress, weather, products, and foods during flares to find repeatable triggers. For chronic dryness, prioritize moisture retention and barrier repair habits.",dry_skin|hydration|barrier_repair|gentle_cleansing|dryness|tracking|trigger_tracking,0.83,safe,strong
R150,lifestyle,Dry-skin support: Sun-smart routine,"Use shade, hats, and consistent sun protection habits to reduce redness and pigmentation worsening. For chronic dryness, prioritize moisture retention and barrier repair habits.",dry_skin|hydration|barrier_repair|gentle_cleansing|dryness|sun_protection|routine,0.83,safe,strong
R151,lifestyle,Dry-skin support: Friction reduction,"Reduce friction from tight clothing and rough fabrics; friction can amplify irritation and redness. For chronic dryness, prioritize moisture retention and barrier repair habits.",dry_skin|hydration|barrier_repair|gentle_cleansing|dryness|friction_reduction|gentle_care,0.83,safe,strong
R152,lifestyle,Dry-skin support: Humidity and ventilation,"Keep living spaces ventilated; humidity control can help reduce fungal and irritation triggers. For chronic dryness, prioritize moisture retention and barrier repair habits.",dry_skin|hydration|barrier_repair|gentle_cleansing|dryness|home_environment|moisture_control,0.83,safe,strong
R153,home_care,Dry-skin support: Gentle cleansing rule,"Cleanse with mild, fragrance-free products; avoid harsh scrubbing that damages the barrier. For chronic dryness, prioritize moisture retention and barrier repair habits.",dry_skin|hydration|barrier_repair|gentle_cleansing|dryness,0.9,safe,strong
R154,home_care,Dry-skin support: Moisturize strategically,"Moisturize soon after bathing to lock in water and support barrier recovery. For chronic dryness, prioritize moisture retention and barrier repair habits.",dry_skin|hydration|barrier_repair|gentle_cleansing|dryness,0.9,safe,strong
R155,home_care,Dry-skin support: Short lukewarm showers,"Prefer short lukewarm showers over long hot ones to reduce dryness and irritation. For chronic dryness, prioritize moisture retention and barrier repair habits.",dry_skin|hydration|barrier_repair|gentle_cleansing|dryness|gentle_care,0.9,safe,strong
R156,home_care,Dry-skin support: Patch-test new products,"Test new skincare on a small area before full use to reduce contact reactions. For chronic dryness, prioritize moisture retention and barrier repair habits.",dry_skin|hydration|barrier_repair|gentle_cleansing|dryness|patch_testing|irritant_avoidance,0.9,caution,strong
R157,home_care,Dry-skin support: Nail and scratch control,"Keep nails short and use distractions to reduce scratching that worsens barrier injury. For chronic dryness, prioritize moisture retention and barrier repair habits.",dry_skin|hydration|barrier_repair|gentle_cleansing|dryness|itching_control,0.9,safe,strong
R158,home_care,Dry-skin support: Clean textiles routine,"Wash towels and pillowcases regularly; clean textiles can reduce irritation and recurrence cycles. For chronic dryness, prioritize moisture retention and barrier repair habits.",dry_skin|hydration|barrier_repair|gentle_cleansing|dryness|hygiene|routine,0.9,safe,strong
R159,home_care,Dry-skin support: Breathable fabric choice,"Use breathable fabrics and avoid prolonged dampness in folds to reduce fungal recurrence risk. For chronic dryness, prioritize moisture retention and barrier repair habits.",dry_skin|hydration|barrier_repair|gentle_cleansing|dryness|breathable_clothing|moisture_control,0.9,safe,strong
R160,home_care,Dry-skin support: Cool compress (brief),"Use a brief cool compress for heat/itch sensations; avoid prolonged cold exposure. For chronic dryness, prioritize moisture retention and barrier repair habits.",dry_skin|hydration|barrier_repair|gentle_cleansing|dryness|cooling|comfort_support,0.9,safe,strong
R161,diet,Irritant-aware: Hydration-first plate,"Prioritize water-rich foods and regular fluids; dehydration can worsen skin discomfort. If product irritation is suspected, reduce product load and introduce changes one-by-one.",contact_dermatitis|irritant_avoidance|barrier_repair|patch_testing|contact_dermatitis_support|hydration|routine,0.84,caution,strong
R162,diet,Irritant-aware: Balanced low-spike meals,"Choose balanced meals and reduce frequent high-sugar spikes to support overall skin stability. If product irritation is suspected, reduce product load and introduce changes one-by-one.",contact_dermatitis|irritant_avoidance|barrier_repair|patch_testing|contact_dermatitis_support|balanced_meals|glycemic_support,0.84,caution,strong
R163,diet,Irritant-aware: Gentle gut-friendly routine,"Keep meal timing consistent and include fiber-rich foods to support digestion-related skin flares. If product irritation is suspected, reduce product load and introduce changes one-by-one.",contact_dermatitis|irritant_avoidance|barrier_repair|patch_testing|contact_dermatitis_support|routine|digestion_support,0.84,caution,strong
R164,diet,Irritant-aware: Cooling foods when heat is high,"When redness/heat sensations are present, prefer mild cooling foods and avoid very spicy choices. If product irritation is suspected, reduce product load and introduce changes one-by-one.",contact_dermatitis|irritant_avoidance|barrier_repair|patch_testing|contact_dermatitis_support|cooling|heat_support,0.84,caution,strong
R165,diet,Irritant-aware: Reduce ultra-processed triggers,"Limit ultra-processed foods that often correlate with flare cycles; observe your personal triggers. If product irritation is suspected, reduce product load and introduce changes one-by-one.",contact_dermatitis|irritant_avoidance|barrier_repair|patch_testing|contact_dermatitis_support|trigger_avoidance|tracking,0.84,caution,strong
R166,diet,Irritant-aware: Healthy fats for barrier support,"Include moderate healthy fats (as tolerated) to support the skin barrier and dryness control. If product irritation is suspected, reduce product load and introduce changes one-by-one.",contact_dermatitis|irritant_avoidance|barrier_repair|patch_testing|contact_dermatitis_support|nutrition,0.84,caution,strong
R167,diet,Irritant-aware: Mindful dairy check (individualized),"If you suspect dairy aggravates your skin, trial a short, monitored reduction and track changes. If product irritation is suspected, reduce product load and introduce changes one-by-one.",contact_dermatitis|irritant_avoidance|barrier_repair|patch_testing|contact_dermatitis_support|trigger_tracking|individualized,0.84,caution,strong
R168,lifestyle,Irritant-aware: Consistent sleep window,"Aim for a consistent sleep schedule; irregular sleep can worsen itch, stress, and inflammation. If product irritation is suspected, reduce product load and introduce changes one-by-one.",contact_dermatitis|irritant_avoidance|barrier_repair|patch_testing|contact_dermatitis_support|sleep|routine,0.83,caution,strong
R169,lifestyle,Irritant-aware: Stress downshift practice,"Use a short daily stress-downshift (breathing, walk, journaling) to reduce flare triggers. If product irritation is suspected, reduce product load and introduce changes one-by-one.",contact_dermatitis|irritant_avoidance|barrier_repair|patch_testing|contact_dermatitis_support|stress_support|routine,0.83,caution,strong
R170,lifestyle,Irritant-aware: Sweat management habit,"After heavy sweating, change into dry clothing and cleanse gently to reduce irritation and fungal risk. If product irritation is suspected, reduce product load and introduce changes one-by-one.",contact_dermatitis|irritant_avoidance|barrier_repair|patch_testing|contact_dermatitis_support|hygiene|moisture_control,0.83,caution,strong
R171,lifestyle,Irritant-aware: Trigger journal,"Track stress, weather, products, and foods during flares to find repeatable triggers. If product irritation is suspected, reduce product load and introduce changes one-by-one.",contact_dermatitis|irritant_avoidance|barrier_repair|patch_testing|contact_dermatitis_support|tracking|trigger_tracking,0.83,caution,strong
R172,lifestyle,Irritant-aware: Sun-smart routine,"Use shade, hats, and consistent sun protection habits to reduce redness and pigmentation worsening. If product irritation is suspected, reduce product load and introduce changes one-by-one.",contact_dermatitis|irritant_avoidance|barrier_repair|patch_testing|contact_dermatitis_support|sun_protection|routine,0.83,caution,strong
R173,lifestyle,Irritant-aware: Friction reduction,"Reduce friction from tight clothing and rough fabrics; friction can amplify irritation and redness. If product irritation is suspected, reduce product load and introduce changes one-by-one.",contact_dermatitis|irritant_avoidance|barrier_repair|patch_testing|contact_dermatitis_support|friction_reduction|gentle_care,0.83,caution,strong
R174,lifestyle,Irritant-aware: Humidity and ventilation,"Keep living spaces ventilated; humidity control can help reduce fungal and irritation triggers. If product irritation is suspected, reduce product load and introduce changes one-by-one.",contact_dermatitis|irritant_avoidance|barrier_repair|patch_testing|contact_dermatitis_support|home_environment|moisture_control,0.83,caution,strong
R175,home_care,Irritant-aware: Gentle cleansing rule,"Cleanse with mild, fragrance-free products; avoid harsh scrubbing that damages the barrier. If product irritation is suspected, reduce product load and introduce changes one-by-one.",contact_dermatitis|irritant_avoidance|barrier_repair|patch_testing|contact_dermatitis_support|gentle_cleansing,0.9,caution,strong
R176,home_care,Irritant-aware: Moisturize strategically,"Moisturize soon after bathing to lock in water and support barrier recovery. If product irritation is suspected, reduce product load and introduce changes one-by-one.",contact_dermatitis|irritant_avoidance|barrier_repair|patch_testing|contact_dermatitis_support|hydration,0.9,caution,strong
R177,home_care,Irritant-aware: Short lukewarm showers,"Prefer short lukewarm showers over long hot ones to reduce dryness and irritation. If product irritation is suspected, reduce product load and introduce changes one-by-one.",contact_dermatitis|irritant_avoidance|barrier_repair|patch_testing|contact_dermatitis_support|gentle_care,0.9,caution,strong
R178,home_care,Irritant-aware: Patch-test new products,"Test new skincare on a small area before full use to reduce contact reactions. If product irritation is suspected, reduce product load and introduce changes one-by-one.",contact_dermatitis|irritant_avoidance|barrier_repair|patch_testing|contact_dermatitis_support,0.9,caution,strong
R179,home_care,Irritant-aware: Nail and scratch control,"Keep nails short and use distractions to reduce scratching that worsens barrier injury. If product irritation is suspected, reduce product load and introduce changes one-by-one.",contact_dermatitis|irritant_avoidance|barrier_repair|patch_testing|contact_dermatitis_support|itching_control,0.9,caution,strong
R180,home_care,Irritant-aware: Clean textiles routine,"Wash towels and pillowcases regularly; clean textiles can reduce irritation and recurrence cycles. If product irritation is suspected, reduce product load and introduce changes one-by-one.",contact_dermatitis|irritant_avoidance|barrier_repair|patch_testing|contact_dermatitis_support|hygiene|routine,0.9,caution,strong
R181,home_care,Irritant-aware: Breathable fabric choice,"Use breathable fabrics and avoid prolonged dampness in folds to reduce fungal recurrence risk. If product irritation is suspected, reduce product load and introduce changes one-by-one.",contact_dermatitis|irritant_avoidance|barrier_repair|patch_testing|contact_dermatitis_support|breathable_clothing|moisture_control,0.9,caution,strong
R182,home_care,Irritant-aware: Cool compress (brief),"Use a brief cool compress for heat/itch sensations; avoid prolonged cold exposure. If product irritation is suspected, reduce product load and introduce changes one-by-one.",contact_dermatitis|irritant_avoidance|barrier_repair|patch_testing|contact_dermatitis_support|cooling|comfort_support,0.9,caution,strong
R183,diet,Scalp/flake support: Hydration-first plate,"Prioritize water-rich foods and regular fluids; dehydration can worsen skin discomfort. For flaking patterns, keep cleansing consistent and avoid heavy occlusive buildup.",seborrheic_dermatitis|scalp_care|gentle_cleansing|stress_support|seborrheic_support|hydration|routine,0.84,safe,moderate
R184,diet,Scalp/flake support: Balanced low-spike meals,"Choose balanced meals and reduce frequent high-sugar spikes to support overall skin stability. For flaking patterns, keep cleansing consistent and avoid heavy occlusive buildup.",seborrheic_dermatitis|scalp_care|gentle_cleansing|stress_support|seborrheic_support|balanced_meals|glycemic_support,0.84,safe,moderate
R185,diet,Scalp/flake support: Gentle gut-friendly routine,"Keep meal timing consistent and include fiber-rich foods to support digestion-related skin flares. For flaking patterns, keep cleansing consistent and avoid heavy occlusive buildup.",seborrheic_dermatitis|scalp_care|gentle_cleansing|stress_support|seborrheic_support|routine|digestion_support,0.84,safe,moderate
R186,diet,Scalp/flake support: Cooling foods when heat is high,"When redness/heat sensations are present, prefer mild cooling foods and avoid very spicy choices. For flaking patterns, keep cleansing consistent and avoid heavy occlusive buildup.",seborrheic_dermatitis|scalp_care|gentle_cleansing|stress_support|seborrheic_support|cooling|heat_support,0.84,safe,moderate
R187,diet,Scalp/flake support: Reduce ultra-processed triggers,"Limit ultra-processed foods that often correlate with flare cycles; observe your personal triggers. For flaking patterns, keep cleansing consistent and avoid heavy occlusive buildup.",seborrheic_dermatitis|scalp_care|gentle_cleansing|stress_support|seborrheic_support|trigger_avoidance|tracking,0.84,safe,moderate
R188,diet,Scalp/flake support: Healthy fats for barrier support,"Include moderate healthy fats (as tolerated) to support the skin barrier and dryness control. For flaking patterns, keep cleansing consistent and avoid heavy occlusive buildup.",seborrheic_dermatitis|scalp_care|gentle_cleansing|stress_support|seborrheic_support|barrier_repair|nutrition,0.84,safe,strong
R189,diet,Scalp/flake support: Mindful dairy check (individualized),"If you suspect dairy aggravates your skin, trial a short, monitored reduction and track changes. For flaking patterns, keep cleansing consistent and avoid heavy occlusive buildup.",seborrheic_dermatitis|scalp_care|gentle_cleansing|stress_support|seborrheic_support|trigger_tracking|individualized,0.84,caution,moderate
R190,lifestyle,Scalp/flake support: Consistent sleep window,"Aim for a consistent sleep schedule; irregular sleep can worsen itch, stress, and inflammation. For flaking patterns, keep cleansing consistent and avoid heavy occlusive buildup.",seborrheic_dermatitis|scalp_care|gentle_cleansing|stress_support|seborrheic_support|sleep|routine,0.83,safe,moderate
R191,lifestyle,Scalp/flake support: Stress downshift practice,"Use a short daily stress-downshift (breathing, walk, journaling) to reduce flare triggers. For flaking patterns, keep cleansing consistent and avoid heavy occlusive buildup.",seborrheic_dermatitis|scalp_care|gentle_cleansing|stress_support|seborrheic_support|routine,0.83,safe,moderate
R192,lifestyle,Scalp/flake support: Sweat management habit,"After heavy sweating, change into dry clothing and cleanse gently to reduce irritation and fungal risk. For flaking patterns, keep cleansing consistent and avoid heavy occlusive buildup.",seborrheic_dermatitis|scalp_care|gentle_cleansing|stress_support|seborrheic_support|hygiene|moisture_control,0.83,safe,strong
R193,lifestyle,Scalp/flake support: Trigger journal,"Track stress, weather, products, and foods during flares to find repeatable triggers. For flaking patterns, keep cleansing consistent and avoid heavy occlusive buildup.",seborrheic_dermatitis|scalp_care|gentle_cleansing|stress_support|seborrheic_support|tracking|trigger_tracking,0.83,safe,moderate
R194,lifestyle,Scalp/flake support: Sun-smart routine,"Use shade, hats, and consistent sun protection habits to reduce redness and pigmentation worsening. For flaking patterns, keep cleansing consistent and avoid heavy occlusive buildup.",seborrheic_dermatitis|scalp_care|gentle_cleansing|stress_support|seborrheic_support|sun_protection|routine,0.83,safe,strong
R195,lifestyle,Scalp/flake support: Friction reduction,"Reduce friction from tight clothing and rough fabrics; friction can amplify irritation and redness. For flaking patterns, keep cleansing consistent and avoid heavy occlusive buildup.",seborrheic_dermatitis|scalp_care|gentle_cleansing|stress_support|seborrheic_support|friction_reduction|gentle_care,0.83,safe,moderate
R196,lifestyle,Scalp/flake support: Humidity and ventilation,"Keep living spaces ventilated; humidity control can help reduce fungal and irritation triggers. For flaking patterns, keep cleansing consistent and avoid heavy occlusive buildup.",seborrheic_dermatitis|scalp_care|gentle_cleansing|stress_support|seborrheic_support|home_environment|moisture_control,0.83,safe,moderate
R197,home_care,Scalp/flake support: Gentle cleansing rule,"Cleanse with mild, fragrance-free products; avoid harsh scrubbing that damages the barrier. For flaking patterns, keep cleansing consistent and avoid heavy occlusive buildup.",seborrheic_dermatitis|scalp_care|gentle_cleansing|stress_support|seborrheic_support|barrier_repair,0.9,safe,strong
R198,home_care,Scalp/flake support: Moisturize strategically,"Moisturize soon after bathing to lock in water and support barrier recovery. For flaking patterns, keep cleansing consistent and avoid heavy occlusive buildup.",seborrheic_dermatitis|scalp_care|gentle_cleansing|stress_support|seborrheic_support|barrier_repair|hydration,0.9,safe,strong
R199,home_care,Scalp/flake support: Short lukewarm showers,"Prefer short lukewarm showers over long hot ones to reduce dryness and irritation. For flaking patterns, keep cleansing consistent and avoid heavy occlusive buildup.",seborrheic_dermatitis|scalp_care|gentle_cleansing|stress_support|seborrheic_support|barrier_repair|gentle_care,0.9,safe,strong
R200,home_care,Scalp/flake support: Patch-test new products,"Test new skincare on a small area before full use to reduce contact reactions. For flaking patterns, keep cleansing consistent and avoid heavy occlusive buildup.",seborrheic_dermatitis|scalp_care|gentle_cleansing|stress_support|seborrheic_support|patch_testing|irritant_avoidance,0.9,caution,moderate
R201,home_care,Scalp/flake support: Nail and scratch control,"Keep nails short and use distractions to reduce scratching that worsens barrier injury. For flaking patterns, keep cleansing consistent and avoid heavy occlusive buildup.",seborrheic_dermatitis|scalp_care|gentle_cleansing|stress_support|seborrheic_support|itching_control|barrier_repair,0.9,safe,strong
R202,home_care,Scalp/flake support: Clean textiles routine,"Wash towels and pillowcases regularly; clean textiles can reduce irritation and recurrence cycles. For flaking patterns, keep cleansing consistent and avoid heavy occlusive buildup.",seborrheic_dermatitis|scalp_care|gentle_cleansing|stress_support|seborrheic_support|hygiene|routine,0.9,safe,strong
R203,home_care,Scalp/flake support: Breathable fabric choice,"Use breathable fabrics and avoid prolonged dampness in folds to reduce fungal recurrence risk. For flaking patterns, keep cleansing consistent and avoid heavy occlusive buildup.",seborrheic_dermatitis|scalp_care|gentle_cleansing|stress_support|seborrheic_support|breathable_clothing|moisture_control,0.9,safe,moderate
R204,home_care,Scalp/flake support: Cool compress (brief),"Use a brief cool compress for heat/itch sensations; avoid prolonged cold exposure. For flaking patterns, keep cleansing consistent and avoid heavy occlusive buildup.",seborrheic_dermatitis|scalp_care|gentle_cleansing|stress_support|seborrheic_support|cooling|comfort_support,0.9,safe,moderate
R205,diet,Hives-support: Hydration-first plate,"Prioritize water-rich foods and regular fluids; dehydration can worsen skin discomfort. For hive-like flares, focus on trigger tracking and calming routines; seek care for severe reactions.",urticaria|trigger_tracking|cooling|stress_support|urticaria_support|hydration|routine,0.84,safe,moderate
R206,diet,Hives-support: Balanced low-spike meals,"Choose balanced meals and reduce frequent high-sugar spikes to support overall skin stability. For hive-like flares, focus on trigger tracking and calming routines; seek care for severe reactions.",urticaria|trigger_tracking|cooling|stress_support|urticaria_support|balanced_meals|glycemic_support,0.84,safe,moderate
R207,diet,Hives-support: Gentle gut-friendly routine,"Keep meal timing consistent and include fiber-rich foods to support digestion-related skin flares. For hive-like flares, focus on trigger tracking and calming routines; seek care for severe reactions.",urticaria|trigger_tracking|cooling|stress_support|urticaria_support|routine|digestion_support,0.84,safe,moderate
R208,diet,Hives-support: Cooling foods when heat is high,"When redness/heat sensations are present, prefer mild cooling foods and avoid very spicy choices. For hive-like flares, focus on trigger tracking and calming routines; seek care for severe reactions.",urticaria|trigger_tracking|cooling|stress_support|urticaria_support|heat_support,0.84,safe,moderate
R209,diet,Hives-support: Reduce ultra-processed triggers,"Limit ultra-processed foods that often correlate with flare cycles; observe your personal triggers. For hive-like flares, focus on trigger tracking and calming routines; seek care for severe reactions.",urticaria|trigger_tracking|cooling|stress_support|urticaria_support|trigger_avoidance|tracking,0.84,safe,moderate
R210,diet,Hives-support: Healthy fats for barrier support,"Include moderate healthy fats (as tolerated) to support the skin barrier and dryness control. For hive-like flares, focus on trigger tracking and calming routines; seek care for severe reactions.",urticaria|trigger_tracking|cooling|stress_support|urticaria_support|barrier_repair|nutrition,0.84,safe,strong
R211,diet,Hives-support: Mindful dairy check (individualized),"If you suspect dairy aggravates your skin, trial a short, monitored reduction and track changes. For hive-like flares, focus on trigger tracking and calming routines; seek care for severe reactions.",urticaria|trigger_tracking|cooling|stress_support|urticaria_support|individualized,0.84,caution,moderate
R212,lifestyle,Hives-support: Consistent sleep window,"Aim for a consistent sleep schedule; irregular sleep can worsen itch, stress, and inflammation. For hive-like flares, focus on trigger tracking and calming routines; seek care for severe reactions.",urticaria|trigger_tracking|cooling|stress_support|urticaria_support|sleep|routine,0.83,safe,moderate
R213,lifestyle,Hives-support: Stress downshift practice,"Use a short daily stress-downshift (breathing, walk, journaling) to reduce flare triggers. For hive-like flares, focus on trigger tracking and calming routines; seek care for severe reactions.",urticaria|trigger_tracking|cooling|stress_support|urticaria_support|routine,0.83,safe,moderate
R214,lifestyle,Hives-support: Sweat management habit,"After heavy sweating, change into dry clothing and cleanse gently to reduce irritation and fungal risk. For hive-like flares, focus on trigger tracking and calming routines; seek care for severe reactions.",urticaria|trigger_tracking|cooling|stress_support|urticaria_support|hygiene|moisture_control,0.83,safe,strong
R215,lifestyle,Hives-support: Trigger journal,"Track stress, weather, products, and foods during flares to find repeatable triggers. For hive-like flares, focus on trigger tracking and calming routines; seek care for severe reactions.",urticaria|trigger_tracking|cooling|stress_support|urticaria_support|tracking,0.83,safe,moderate
R216,lifestyle,Hives-support: Sun-smart routine,"Use shade, hats, and consistent sun protection habits to reduce redness and pigmentation worsening. For hive-like flares, focus on trigger tracking and calming routines; seek care for severe reactions.",urticaria|trigger_tracking|cooling|stress_support|urticaria_support|sun_protection|routine,0.83,safe,strong
R217,lifestyle,Hives-support: Friction reduction,"Reduce friction from tight clothing and rough fabrics; friction can amplify irritation and redness. For hive-like flares, focus on trigger tracking and calming routines; seek care for severe reactions.",urticaria|trigger_tracking|cooling|stress_support|urticaria_support|friction_reduction|gentle_care,0.83,safe,moderate
R218,lifestyle,Hives-support: Humidity and ventilation,"Keep living spaces ventilated; humidity control can help reduce fungal and irritation triggers. For hive-like flares, focus on trigger tracking and calming routines; seek care for severe reactions.",urticaria|trigger_tracking|cooling|stress_support|urticaria_support|home_environment|moisture_control,0.83,safe,moderate
R219,home_care,Hives-support: Gentle cleansing rule,"Cleanse with mild, fragrance-free products; avoid harsh scrubbing that damages the barrier. For hive-like flares, focus on trigger tracking and calming routines; seek care for severe reactions.",urticaria|trigger_tracking|cooling|stress_support|urticaria_support|gentle_cleansing|barrier_repair,0.9,safe,strong
R220,home_care,Hives-support: Moisturize strategically,"Moisturize soon after bathing to lock in water and support barrier recovery. For hive-like flares, focus on trigger tracking and calming routines; seek care for severe reactions.",urticaria|trigger_tracking|cooling|stress_support|urticaria_support|barrier_repair|hydration,0.9,safe,strong
R221,home_care,Hives-support: Short lukewarm showers,"Prefer short lukewarm showers over long hot ones to reduce dryness and irritation. For hive-like flares, focus on trigger tracking and calming routines; seek care for severe reactions.",urticaria|trigger_tracking|cooling|stress_support|urticaria_support|barrier_repair|gentle_care,0.9,safe,strong
R222,home_care,Hives-support: Patch-test new products,"Test new skincare on a small area before full use to reduce contact reactions. For hive-like flares, focus on trigger tracking and calming routines; seek care for severe reactions.",urticaria|trigger_tracking|cooling|stress_support|urticaria_support|patch_testing|irritant_avoidance,0.9,caution,moderate
R223,home_care,Hives-support: Nail and scratch control,"Keep nails short and use distractions to reduce scratching that worsens barrier injury. For hive-like flares, focus on trigger tracking and calming routines; seek care for severe reactions.",urticaria|trigger_tracking|cooling|stress_support|urticaria_support|itching_control|barrier_repair,0.9,safe,strong
R224,home_care,Hives-support: Clean textiles routine,"Wash towels and pillowcases regularly; clean textiles can reduce irritation and recurrence cycles. For hive-like flares, focus on trigger tracking and calming routines; seek care for severe reactions.",urticaria|trigger_tracking|cooling|stress_support|urticaria_support|hygiene|routine,0.9,safe,strong
R225,home_care,Hives-support: Breathable fabric choice,"Use breathable fabrics and avoid prolonged dampness in folds to reduce fungal recurrence risk. For hive-like flares, focus on trigger tracking and calming routines; seek care for severe reactions.",urticaria|trigger_tracking|cooling|stress_support|urticaria_support|breathable_clothing|moisture_control,0.9,safe,moderate
R226,home_care,Hives-support: Cool compress (brief),"Use a brief cool compress for heat/itch sensations; avoid prolonged cold exposure. For hive-like flares, focus on trigger tracking and calming routines; seek care for severe reactions.",urticaria|trigger_tracking|cooling|stress_support|urticaria_support|comfort_support,0.9,safe,moderate
R227,diet,Redness-support: Hydration-first plate,"Prioritize water-rich foods and regular fluids; dehydration can worsen skin discomfort. For flushing/redness, avoid heat triggers and keep products gentle and fragrance-free.",rosacea_like_redness|heat_avoidance|gentle_cleansing|cooling|redness_support|hydration|routine,0.84,safe,moderate
R228,diet,Redness-support: Balanced low-spike meals,"Choose balanced meals and reduce frequent high-sugar spikes to support overall skin stability. For flushing/redness, avoid heat triggers and keep products gentle and fragrance-free.",rosacea_like_redness|heat_avoidance|gentle_cleansing|cooling|redness_support|balanced_meals|glycemic_support,0.84,safe,moderate
R229,diet,Redness-support: Gentle gut-friendly routine,"Keep meal timing consistent and include fiber-rich foods to support digestion-related skin flares. For flushing/redness, avoid heat triggers and keep products gentle and fragrance-free.",rosacea_like_redness|heat_avoidance|gentle_cleansing|cooling|redness_support|routine|digestion_support,0.84,safe,moderate
R230,diet,Redness-support: Cooling foods when heat is high,"When redness/heat sensations are present, prefer mild cooling foods and avoid very spicy choices. For flushing/redness, avoid heat triggers and keep products gentle and fragrance-free.",rosacea_like_redness|heat_avoidance|gentle_cleansing|cooling|redness_support|heat_support,0.84,safe,moderate
R231,diet,Redness-support: Reduce ultra-processed triggers,"Limit ultra-processed foods that often correlate with flare cycles; observe your personal triggers. For flushing/redness, avoid heat triggers and keep products gentle and fragrance-free.",rosacea_like_redness|heat_avoidance|gentle_cleansing|cooling|redness_support|trigger_avoidance|tracking,0.84,safe,moderate
R232,diet,Redness-support: Healthy fats for barrier support,"Include moderate healthy fats (as tolerated) to support the skin barrier and dryness control. For flushing/redness, avoid heat triggers and keep products gentle and fragrance-free.",rosacea_like_redness|heat_avoidance|gentle_cleansing|cooling|redness_support|barrier_repair|nutrition,0.84,safe,strong
R233,diet,Redness-support: Mindful dairy check (individualized),"If you suspect dairy aggravates your skin, trial a short, monitored reduction and track changes. For flushing/redness, avoid heat triggers and keep products gentle and fragrance-free.",rosacea_like_redness|heat_avoidance|gentle_cleansing|cooling|redness_support|trigger_tracking|individualized,0.84,caution,moderate
R234,lifestyle,Redness-support: Consistent sleep window,"Aim for a consistent sleep schedule; irregular sleep can worsen itch, stress, and inflammation. For flushing/redness, avoid heat triggers and keep products gentle and fragrance-free.",rosacea_like_redness|heat_avoidance|gentle_cleansing|cooling|redness_support|sleep|routine,0.83,safe,moderate
R235,lifestyle,Redness-support: Stress downshift practice,"Use a short daily stress-downshift (breathing, walk, journaling) to reduce flare triggers. For flushing/redness, avoid heat triggers and keep products gentle and fragrance-free.",rosacea_like_redness|heat_avoidance|gentle_cleansing|cooling|redness_support|stress_support|routine,0.83,safe,moderate
R236,lifestyle,Redness-support: Sweat management habit,"After heavy sweating, change into dry clothing and cleanse gently to reduce irritation and fungal risk. For flushing/redness, avoid heat triggers and keep products gentle and fragrance-free.",rosacea_like_redness|heat_avoidance|gentle_cleansing|cooling|redness_support|hygiene|moisture_control,0.83,safe,strong
R237,lifestyle,Redness-support: Trigger journal,"Track stress, weather, products, and foods during flares to find repeatable triggers. For flushing/redness, avoid heat triggers and keep products gentle and fragrance-free.",rosacea_like_redness|heat_avoidance|gentle_cleansing|cooling|redness_support|tracking|trigger_tracking,0.83,safe,moderate
R238,lifestyle,Redness-support: Sun-smart routine,"Use shade, hats, and consistent sun protection habits to reduce redness and pigmentation worsening. For flushing/redness, avoid heat triggers and keep products gentle and fragrance-free.",rosacea_like_redness|heat_avoidance|gentle_cleansing|cooling|redness_support|sun_protection|routine,0.83,safe,strong
R239,lifestyle,Redness-support: Friction reduction,"Reduce friction from tight clothing and rough fabrics; friction can amplify irritation and redness. For flushing/redness, avoid heat triggers and keep products gentle and fragrance-free.",rosacea_like_redness|heat_avoidance|gentle_cleansing|cooling|redness_support|friction_reduction|gentle_care,0.83,safe,moderate
R240,lifestyle,Redness-support: Humidity and ventilation,"Keep living spaces ventilated; humidity control can help reduce fungal and irritation triggers. For flushing/redness, avoid heat triggers and keep products gentle and fragrance-free.",rosacea_like_redness|heat_avoidance|gentle_cleansing|cooling|redness_support|home_environment|moisture_control,0.83,safe,moderate
R241,home_care,Redness-support: Gentle cleansing rule,"Cleanse with mild, fragrance-free products; avoid harsh scrubbing that damages the barrier. For flushing/redness, avoid heat triggers and keep products gentle and fragrance-free.",rosacea_like_redness|heat_avoidance|gentle_cleansing|cooling|redness_support|barrier_repair,0.9,safe,strong
R242,home_care,Redness-support: Moisturize strategically,"Moisturize soon after bathing to lock in water and support barrier recovery. For flushing/redness, avoid heat triggers and keep products gentle and fragrance-free.",rosacea_like_redness|heat_avoidance|gentle_cleansing|cooling|redness_support|barrier_repair|hydration,0.9,safe,strong
R243,home_care,Redness-support: Short lukewarm showers,"Prefer short lukewarm showers over long hot ones to reduce dryness and irritation. For flushing/redness, avoid heat triggers and keep products gentle and fragrance-free.",rosacea_like_redness|heat_avoidance|gentle_cleansing|cooling|redness_support|barrier_repair|gentle_care,0.9,safe,strong
R244,home_care,Redness-support: Patch-test new products,"Test new skincare on a small area before full use to reduce contact reactions. For flushing/redness, avoid heat triggers and keep products gentle and fragrance-free.",rosacea_like_redness|heat_avoidance|gentle_cleansing|cooling|redness_support|patch_testing|irritant_avoidance,0.9,caution,moderate
R245,home_care,Redness-support: Nail and scratch control,"Keep nails short and use distractions to reduce scratching that worsens barrier injury. For flushing/redness, avoid heat triggers and keep products gentle and fragrance-free.",rosacea_like_redness|heat_avoidance|gentle_cleansing|cooling|redness_support|itching_control|barrier_repair,0.9,safe,strong
R246,home_care,Redness-support: Clean textiles routine,"Wash towels and pillowcases regularly; clean textiles can reduce irritation and recurrence cycles. For flushing/redness, avoid heat triggers and keep products gentle and fragrance-free.",rosacea_like_redness|heat_avoidance|gentle_cleansing|cooling|redness_support|hygiene|routine,0.9,safe,strong
R247,home_care,Redness-support: Breathable fabric choice,"Use breathable fabrics and avoid prolonged dampness in folds to reduce fungal recurrence risk. For flushing/redness, avoid heat triggers and keep products gentle and fragrance-free.",rosacea_like_redness|heat_avoidance|gentle_cleansing|cooling|redness_support|breathable_clothing|moisture_control,0.9,safe,moderate
R248,home_care,Redness-support: Cool compress (brief),"Use a brief cool compress for heat/itch sensations; avoid prolonged cold exposure. For flushing/redness, avoid heat triggers and keep products gentle and fragrance-free.",rosacea_like_redness|heat_avoidance|gentle_cleansing|cooling|redness_support|comfort_support,0.9,safe,moderate
R249,diet,Tone-support: Hydration-first plate,"Prioritize water-rich foods and regular fluids; dehydration can worsen skin discomfort. For uneven tone, prioritize sun protection and gentle routines; avoid irritation that can worsen marks.",hyperpigmentation_support|sun_protection|gentle_care|routine|pigmentation_support|hydration,0.84,safe,strong
R250,diet,Tone-support: Balanced low-spike meals,"Choose balanced meals and reduce frequent high-sugar spikes to support overall skin stability. For uneven tone, prioritize sun protection and gentle routines; avoid irritation that can worsen marks.",hyperpigmentation_support|sun_protection|gentle_care|routine|pigmentation_support|balanced_meals|glycemic_support,0.84,safe,strong
