rec_id,category,title,text,tags,expert_weight,safety_level,advice_strength
R001,diet,Warm Hydrating Meals,"Prefer warm, hydrating meals and avoid excessively dry foods.",vata_balance|dryness|hydration,0.9,safe,strong
R002,home_care,Gentle Oil-Based Moisturizing,Use gentle oil-based moisturizing care for dry areas.,vata_balance|dryness|oil_care,0.95,safe,strong
R003,lifestyle,Regular Sleep and Stress Reduction,Maintain a regular sleep routine and include gentle stress reduction practices.,vata_balance|stress_support|routine,0.86,safe,moderate
R004,diet,Cooling Bitters in Moderation,Use mild cooling foods in moderation when heat symptoms are present.,pitta_balance|redness_support|cooling,0.78,caution,moderate
R005,home_care,Strong Detox Steam Routine,Perform an intensive detox steam routine for skin purification.,strong_detox|intensive_heat_therapy,0.7,risky,strong
R006,diet,Fresh Bitter Greens for Acne,"Include bitter greens and reduce oily, spicy foods to support acne-prone skin.",pitta_balance|acne_support|cooling,0.89,safe,strong
R007,diet,Light Kapha-Reducing Meals,"Take light meals with warm spices and avoid heavy, overly sweet foods.",kapha_balance|metabolic_support|fungal_support,0.88,safe,strong
R008,diet,Moisture-Supportive Fats,Use moderate healthy fats and warm soups to reduce skin dryness.,vata_balance|dryness|hydration,0.84,safe,moderate
R009,diet,Anti-Inflammatory Plate Pattern,Prefer anti-inflammatory meals rich in vegetables and low-glycemic foods.,pitta_balance|psoriasis_support|inflammation,0.87,safe,strong
R010,lifestyle,Daily Gentle Movement,Practice low-intensity daily movement to improve circulation and reduce stress triggers.,vata_balance|kapha_balance|routine,0.82,safe,moderate
R011,lifestyle,Cooling Breath Practice,Use short cooling breath practice sessions to manage heat and redness patterns.,pitta_balance|redness_support|stress_support,0.85,safe,moderate
R012,lifestyle,Sweat and Hygiene Routine,Maintain prompt post-sweat cleansing and breathable clothing habits.,kapha_balance|fungal_support|hygiene,0.9,safe,strong
R013,lifestyle,Trigger Tracking Journal,"Track sleep, stress, and food triggers to identify flare patterns.",eczema_support|psoriasis_support|routine,0.79,safe,weak
R014,home_care,Non-Comedogenic Cleansing,Cleanse twice daily with gentle non-comedogenic products.,pitta_balance|acne_support|hygiene,0.9,safe,strong
R015,home_care,Dry Area Barrier Protection,Apply fragrance-free barrier moisturizers after bathing to lock in moisture.,vata_balance|dryness|eczema_support,0.91,safe,strong
R016,home_care,Scalp and Plaque Softening Care,Use emollient soaks and gentle scale softening care for thick plaques.,kapha_balance|psoriasis_support|dry_scaling,0.88,caution,strong
R017,home_care,Antifungal Dry-Keeping Protocol,Keep folds dry and use clinician-advised antifungal topical support.,kapha_balance|fungal_support|hygiene,0.93,safe,strong
R018,lifestyle,Structured Meal and Sleep Timing,Follow consistent daily meal and sleep timings to stabilize dosha fluctuations.,vata_balance|pitta_balance|kapha_balance|routine,0.83,safe,moderate
R019,diet,Soaked Almond Morning Support,Take soaked almonds with warm water in the morning to support dry skin nourishment.,vata_balance|dryness|hydration,0.84,safe,moderate
R020,diet,Coriander and Cucumber Cooling Plate,Add coriander and cucumber to meals to reduce heat and redness-associated flares.,pitta_balance|redness_support|cooling,0.86,safe,strong
R021,diet,Barley and Lentil Light Meal Plan,Choose light barley-lentil meals to reduce dampness and support fungal control.,kapha_balance|fungal_support|metabolic_support,0.87,safe,strong
R022,diet,Ghee-Enhanced Warm Porridge,Use small amounts of ghee with warm porridge for chronic dryness support.,vata_balance|dryness|eczema_support,0.82,safe,moderate
R023,diet,Low-Dairy Acne Diet Pattern,Reduce high-fat dairy and refined sugars to lower acne trigger burden.,pitta_balance|acne_support|inflammation,0.91,safe,strong
R024,diet,Turmeric and Neem Balanced Intake,Use mild turmeric-neem dietary support under tolerance limits for inflammatory skin.,pitta_balance|psoriasis_support|inflammation,0.8,caution,moderate
R025,diet,Warm Herbal Water Through Day,Sip warm herbal water throughout the day to improve hydration and digestion.,vata_balance|kapha_balance|hydration,0.8,safe,moderate
R026,diet,Bitter and Astringent Acne Bowl,Include bitter and astringent vegetables in lunch to calm oily skin patterns.,pitta_balance|acne_support|oil_control,0.89,safe,strong
R027,diet,Steamed Vegetables with Dry Spices,Use steamed vegetables with dry spices to reduce kapha dampness and heaviness.,kapha_balance|fungal_support|light_food,0.85,safe,strong
R028,lifestyle,Early Evening Wind-Down Routine,Start calming routines before bedtime to reduce vata-related itching flares.,vata_balance|eczema_support|routine,0.84,safe,moderate
R029,lifestyle,Heat Exposure Reduction Plan,Avoid prolonged sun and high-heat environments during pitta aggravation phases.,pitta_balance|redness_support|cooling,0.88,safe,strong
R030,lifestyle,Moisture Control Clothing Habits,Use breathable fabrics and change damp clothing quickly to reduce fungal recurrence.,kapha_balance|fungal_support|hygiene,0.9,safe,strong
R031,lifestyle,Mindfulness for Scratch Urges,Practice short mindfulness pauses to reduce unconscious scratching behavior.,vata_balance|eczema_support|itching_control,0.78,safe,weak
R032,lifestyle,Acne Trigger Sleep Hygiene,Keep consistent sleep and clean pillow habits to reduce acne triggers.,pitta_balance|acne_support|hygiene,0.86,safe,moderate
R033,lifestyle,Moderate Sun and Stretch Routine,Take gentle morning stretch sessions with mild sun exposure only.,kapha_balance|psoriasis_support|routine,0.77,caution,moderate
R034,lifestyle,Hydration Reminder Scheduling,Use reminders to maintain regular fluid intake and reduce dryness episodes.,vata_balance|dryness|hydration,0.81,safe,moderate
R035,lifestyle,Post-Workout Shower Discipline,Shower soon after workouts to reduce sweat-related acne and fungal irritation.,pitta_balance|kapha_balance|hygiene,0.89,safe,strong
R036,lifestyle,Stress-Flare Calendar Tracking,Track stress and flare dates weekly for personalized preventive actions.,eczema_support|psoriasis_support|routine,0.76,safe,weak
R037,home_care,Nighttime Occlusive Moisture Seal,Apply occlusive moisturizer at night for persistent dry patches.,vata_balance|dryness|eczema_support,0.9,safe,strong
R038,home_care,Cool Compress for Red Flare,Use cool compresses briefly during redness and burning episodes.,pitta_balance|redness_support|cooling,0.84,safe,moderate
R039,home_care,Antifungal Foot and Fold Drying,Dry skin folds and feet carefully after bathing to reduce fungal growth.,kapha_balance|fungal_support|hygiene,0.92,safe,strong
R040,home_care,Fragrance-Free Cleansing Swap,Switch to fragrance-free cleansers to reduce barrier irritation.,vata_balance|eczema_support|sensitive_skin,0.87,safe,strong
R041,home_care,Clay Spot Mask for Oily Zones,Use mild clay mask only on oily zones to support acne control.,pitta_balance|acne_support|oil_control,0.8,caution,moderate
R042,home_care,Scale Softening Soak Routine,Use brief soak-soften cycles before gentle plaque cleansing.,kapha_balance|psoriasis_support|dry_scaling,0.88,caution,strong
R043,home_care,Barrier Repair Cream Twice Daily,Apply barrier repair cream morning and evening for dry skin recovery.,vata_balance|dryness|barrier_repair,0.93,safe,strong
R044,home_care,Non-Irritant Acne Spot Care,Use non-irritant spot care and avoid aggressive peeling products.,pitta_balance|acne_support|sensitive_skin,0.89,safe,strong
R045,home_care,Weekly Fabric Sanitation Protocol,Sanitize towels and inner garments weekly to lower fungal persistence.,kapha_balance|fungal_support|hygiene,0.86,safe,strong
R046,diet,Sesame and Date Nourish Bowl,Use sesame and date combinations in moderation to nourish dry constitutions.,vata_balance|dryness|nutrition,0.79,safe,moderate
R047,diet,Mint and Fennel Cooling Infusion,Drink mint-fennel infusion to reduce internal heat linked to acne redness.,pitta_balance|acne_support|cooling,0.83,safe,moderate
R048,lifestyle,Humidity and Ventilation Check,Maintain room ventilation and lower humidity to reduce fungal triggers.,kapha_balance|fungal_support|home_environment,0.88,safe,strong
R049,home_care,Short Lukewarm Bath Protocol,Take short lukewarm baths instead of prolonged hot showers to protect the skin barrier.,vata_balance|eczema_support|barrier_repair,0.9,safe,strong
R050,lifestyle,Weekly Skin Photo Tracking,Capture weekly skin photos in consistent lighting to monitor progression.,eczema_support|acne_support|psoriasis_support|tracking,0.8,safe,moderate
R051,diet,Eczema-friendly: Hydration-first plate,"Prioritize water-rich foods and regular fluids; dehydration can worsen skin discomfort. For dryness/itch flares, keep routines simple and barrier-protective.",eczema|dryness|itching|barrier_repair|trigger_avoidance|eczema_support|hydration|routine,0.84,safe,strong
R052,diet,Eczema-friendly: Balanced low-spike meals,"Choose balanced meals and reduce frequent high-sugar spikes to support overall skin stability. For dryness/itch flares, keep routines simple and barrier-protective.",eczema|dryness|itching|barrier_repair|trigger_avoidance|eczema_support|balanced_meals|glycemic_support,0.84,safe,strong
R053,diet,Eczema-friendly: Gentle gut-friendly routine,"Keep meal timing consistent and include fiber-rich foods to support digestion-related skin flares. For dryness/itch flares, keep routines simple and barrier-protective.",eczema|dryness|itching|barrier_repair|trigger_avoidance|eczema_support|routine|digestion_support,0.84,safe,strong
R054,diet,Eczema-friendly: Cooling foods when heat is high,"When redness/heat sensations are present, prefer mild cooling foods and avoid very spicy choices. For dryness/itch flares, keep routines simple and barrier-protective.",eczema|dryness|itching|barrier_repair|trigger_avoidance|eczema_support|cooling|heat_support,0.84,safe,strong
R055,diet,Eczema-friendly: Reduce ultra-processed triggers,"Limit ultra-processed foods that often correlate with flare cycles; observe your personal triggers. For dryness/itch flares, keep routines simple and barrier-protective.",eczema|dryness|itching|barrier_repair|trigger_avoidance|eczema_support|tracking,0.84,safe,strong
R056,diet,Eczema-friendly: Healthy fats for barrier support,"Include moderate healthy fats (as tolerated) to support the skin barrier and dryness control. For dryness/itch flares, keep routines simple and barrier-protective.",eczema|dryness|itching|barrier_repair|trigger_avoidance|eczema_support|nutrition,0.84,safe,strong
R057,diet,Eczema-friendly: Mindful dairy check (individualized),"If you suspect dairy aggravates your skin, trial a short, monitored reduction and track changes. For dryness/itch flares, keep routines simple and barrier-protective.",eczema|dryness|itching|barrier_repair|trigger_avoidance|eczema_support|trigger_tracking|individualized,0.84,caution,strong
R058,lifestyle,Eczema-friendly: Consistent sleep window,"Aim for a consistent sleep schedule; irregular sleep can worsen itch, stress, and inflammation. For dryness/itch flares, keep routines simple and barrier-protective.",eczema|dryness|itching|barrier_repair|trigger_avoidance|eczema_support|sleep|routine,0.83,safe,strong
R059,lifestyle,Eczema-friendly: Stress downshift practice,"Use a short daily stress-downshift (breathing, walk, journaling) to reduce flare triggers. For dryness/itch flares, keep routines simple and barrier-protective.",eczema|dryness|itching|barrier_repair|trigger_avoidance|eczema_support|stress_support|routine,0.83,safe,strong
R060,lifestyle,Eczema-friendly: Sweat management habit,"After heavy sweating, change into dry clothing and cleanse gently to reduce irritation and fungal risk. For dryness/itch flares, keep routines simple and barrier-protective.",eczema|dryness|itching|barrier_repair|trigger_avoidance|eczema_support|hygiene|moisture_control,0.83,safe,strong
R061,lifestyle,Eczema-friendly: Trigger journal,"Track stress, weather, products, and foods during flares to find repeatable triggers. For dryness/itch flares, keep routines simple and barrier-protective.",eczema|dryness|itching|barrier_repair|trigger_avoidance|eczema_support|tracking|trigger_tracking,0.83,safe,strong
R062,lifestyle,Eczema-friendly: Sun-smart routine,"Use shade, hats, and consistent sun protection habits to reduce redness and pigmentation worsening. For dryness/itch flares, keep routines simple and barrier-protective.",eczema|dryness|itching|barrier_repair|trigger_avoidance|eczema_support|sun_protection|routine,0.83,safe,strong
R063,lifestyle,Eczema-friendly: Friction reduction,"Reduce friction from tight clothing and rough fabrics; friction can amplify irritation and redness. For dryness/itch flares, keep routines simple and barrier-protective.",eczema|dryness|itching|barrier_repair|trigger_avoidance|eczema_support|friction_reduction|gentle_care,0.83,safe,strong
R064,lifestyle,Eczema-friendly: Humidity and ventilation,"Keep living spaces ventilated; humidity control can help reduce fungal and irritation triggers. For dryness/itch flares, keep routines simple and barrier-protective.",eczema|dryness|itching|barrier_repair|trigger_avoidance|eczema_support|home_environment|moisture_control,0.83,safe,strong
R065,home_care,Eczema-friendly: Gentle cleansing rule,"Cleanse with mild, fragrance-free products; avoid harsh scrubbing that damages the barrier. For dryness/itch flares, keep routines simple and barrier-protective.",eczema|dryness|itching|barrier_repair|trigger_avoidance|eczema_support|gentle_cleansing,0.9,safe,strong
R066,home_care,Eczema-friendly: Moisturize strategically,"Moisturize soon after bathing to lock in water and support barrier recovery. For dryness/itch flares, keep routines simple and barrier-protective.",eczema|dryness|itching|barrier_repair|trigger_avoidance|eczema_support|hydration,0.9,safe,strong
R067,home_care,Eczema-friendly: Short lukewarm showers,"Prefer short lukewarm showers over long hot ones to reduce dryness and irritation. For dryness/itch flares, keep routines simple and barrier-protective.",eczema|dryness|itching|barrier_repair|trigger_avoidance|eczema_support|gentle_care,0.9,safe,strong
R068,home_care,Eczema-friendly: Patch-test new products,"Test new skincare on a small area before full use to reduce contact reactions. For dryness/itch flares, keep routines simple and barrier-protective.",eczema|dryness|itching|barrier_repair|trigger_avoidance|eczema_support|patch_testing|irritant_avoidance,0.9,caution,strong
R069,home_care,Eczema-friendly: Nail and scratch control,"Keep nails short and use distractions to reduce scratching that worsens barrier injury. For dryness/itch flares, keep routines simple and barrier-protective.",eczema|dryness|itching|barrier_repair|trigger_avoidance|eczema_support|itching_control,0.9,safe,strong
R070,home_care,Eczema-friendly: Clean textiles routine,"Wash towels and pillowcases regularly; clean textiles can reduce irritation and recurrence cycles. For dryness/itch flares, keep routines simple and barrier-protective.",eczema|dryness|itching|barrier_repair|trigger_avoidance|eczema_support|hygiene|routine,0.9,safe,strong
R071,home_care,Eczema-friendly: Breathable fabric choice,"Use breathable fabrics and avoid prolonged dampness in folds to reduce fungal recurrence risk. For dryness/itch flares, keep routines simple and barrier-protective.",eczema|dryness|itching|barrier_repair|trigger_avoidance|eczema_support|breathable_clothing|moisture_control,0.9,safe,strong
R072,home_care,Eczema-friendly: Cool compress (brief),"Use a brief cool compress for heat/itch sensations; avoid prolonged cold exposure. For dryness/itch flares, keep routines simple and barrier-protective.",eczema|dryness|itching|barrier_repair|trigger_avoidance|eczema_support|cooling|comfort_support,0.9,safe,strong
R073,diet,Acne-support: Hydration-first plate,"Prioritize water-rich foods and regular fluids; dehydration can worsen skin discomfort. For acne-prone skin, emphasize gentle cleansing and avoid picking or harsh over-stripping.",acne|oil_control|inflammation|comedones|hygiene|acne_support|hydration|routine,0.84,safe,strong
R074,diet,Acne-support: Balanced low-spike meals,"Choose balanced meals and reduce frequent high-sugar spikes to support overall skin stability. For acne-prone skin, emphasize gentle cleansing and avoid picking or harsh over-stripping.",acne|oil_control|inflammation|comedones|hygiene|acne_support|balanced_meals|glycemic_support,0.84,safe,strong
R075,diet,Acne-support: Gentle gut-friendly routine,"Keep meal timing consistent and include fiber-rich foods to support digestion-related skin flares. For acne-prone skin, emphasize gentle cleansing and avoid picking or harsh over-stripping.",acne|oil_control|inflammation|comedones|hygiene|acne_support|routine|digestion_support,0.84,safe,strong
R076,diet,Acne-support: Cooling foods when heat is high,"When redness/heat sensations are present, prefer mild cooling foods and avoid very spicy choices. For acne-prone skin, emphasize gentle cleansing and avoid picking or harsh over-stripping.",acne|oil_control|inflammation|comedones|hygiene|acne_support|cooling|heat_support,0.84,safe,strong
R077,diet,Acne-support: Reduce ultra-processed triggers,"Limit ultra-processed foods that often correlate with flare cycles; observe your personal triggers. For acne-prone skin, emphasize gentle cleansing and avoid picking or harsh over-stripping.",acne|oil_control|inflammation|comedones|hygiene|acne_support|trigger_avoidance|tracking,0.84,safe,strong
R078,diet,Acne-support: Healthy fats for barrier support,"Include moderate healthy fats (as tolerated) to support the skin barrier and dryness control. For acne-prone skin, emphasize gentle cleansing and avoid picking or harsh over-stripping.",acne|oil_control|inflammation|comedones|hygiene|acne_support|barrier_repair|nutrition,0.84,safe,strong
R079,diet,Acne-support: Mindful dairy check (individualized),"If you suspect dairy aggravates your skin, trial a short, monitored reduction and track changes. For acne-prone skin, emphasize gentle cleansing and avoid picking or harsh over-stripping.",acne|oil_control|inflammation|comedones|hygiene|acne_support|trigger_tracking|individualized,0.84,caution,strong
R080,lifestyle,Acne-support: Consistent sleep window,"Aim for a consistent sleep schedule; irregular sleep can worsen itch, stress, and inflammation. For acne-prone skin, emphasize gentle cleansing and avoid picking or harsh over-stripping.",acne|oil_control|inflammation|comedones|hygiene|acne_support|sleep|routine,0.83,safe,strong
R081,lifestyle,Acne-support: Stress downshift practice,"Use a short daily stress-downshift (breathing, walk, journaling) to reduce flare triggers. For acne-prone skin, emphasize gentle cleansing and avoid picking or harsh over-stripping.",acne|oil_control|inflammation|comedones|hygiene|acne_support|stress_support|routine,0.83,safe,strong
R082,lifestyle,Acne-support: Sweat management habit,"After heavy sweating, change into dry clothing and cleanse gently to reduce irritation and fungal risk. For acne-prone skin, emphasize gentle cleansing and avoid picking or harsh over-stripping.",acne|oil_control|inflammation|comedones|hygiene|acne_support|moisture_control,0.83,safe,strong
R083,lifestyle,Acne-support: Trigger journal,"Track stress, weather, products, and foods during flares to find repeatable triggers. For acne-prone skin, emphasize gentle cleansing and avoid picking or harsh over-stripping.",acne|oil_control|inflammation|comedones|hygiene|acne_support|tracking|trigger_tracking,0.83,safe,strong
R084,lifestyle,Acne-support: Sun-smart routine,"Use shade, hats, and consistent sun protection habits to reduce redness and pigmentation worsening. For acne-prone skin, emphasize gentle cleansing and avoid picking or harsh over-stripping.",acne|oil_control|inflammation|comedones|hygiene|acne_support|sun_protection|routine,0.83,safe,strong
R085,lifestyle,Acne-support: Friction reduction,"Reduce friction from tight clothing and rough fabrics; friction can amplify irritation and redness. For acne-prone skin, emphasize gentle cleansing and avoid picking or harsh over-stripping.",acne|oil_control|inflammation|comedones|hygiene|acne_support|friction_reduction|gentle_care,0.83,safe,strong
R086,lifestyle,Acne-support: Humidity and ventilation,"Keep living spaces ventilated; humidity control can help reduce fungal and irritation triggers. For acne-prone skin, emphasize gentle cleansing and avoid picking or harsh over-stripping.",acne|oil_control|inflammation|comedones|hygiene|acne_support|home_environment|moisture_control,0.83,safe,strong
R087,home_care,Acne-support: Gentle cleansing rule,"Cleanse with mild, fragrance-free products; avoid harsh scrubbing that damages the barrier. For acne-prone skin, emphasize gentle cleansing and avoid picking or harsh over-stripping.",acne|oil_control|inflammation|comedones|hygiene|acne_support|gentle_cleansing|barrier_repair,0.9,safe,strong
R088,home_care,Acne-support: Moisturize strategically,"Moisturize soon after bathing to lock in water and support barrier recovery. For acne-prone skin, emphasize gentle cleansing and avoid picking or harsh over-stripping.",acne|oil_control|inflammation|comedones|hygiene|acne_support|barrier_repair|hydration,0.9,safe,strong
R089,home_care,Acne-support: Short lukewarm showers,"Prefer short lukewarm showers over long hot ones to reduce dryness and irritation. For acne-prone skin, emphasize gentle cleansing and avoid picking or harsh over-stripping.",acne|oil_control|inflammation|comedones|hygiene|acne_support|barrier_repair|gentle_care,0.9,safe,strong
R090,home_care,Acne-support: Patch-test new products,"Test new skincare on a small area before full use to reduce contact reactions. For acne-prone skin, emphasize gentle cleansing and avoid picking or harsh over-stripping.",acne|oil_control|inflammation|comedones|hygiene|acne_support|patch_testing|irritant_avoidance,0.9,caution,strong
R091,home_care,Acne-support: Nail and scratch control,"Keep nails short and use distractions to reduce scratching that worsens barrier injury. For acne-prone skin, emphasize gentle cleansing and avoid picking or harsh over-stripping.",acne|oil_control|inflammation|comedones|hygiene|acne_support|itching_control|barrier_repair,0.9,safe,strong
R092,home_care,Acne-support: Clean textiles routine,"Wash towels and pillowcases regularly; clean textiles can reduce irritation and recurrence cycles. For acne-prone skin, emphasize gentle cleansing and avoid picking or harsh over-stripping.",acne|oil_control|inflammation|comedones|hygiene|acne_support|routine,0.9,safe,strong
R093,home_care,Acne-support: Breathable fabric choice,"Use breathable fabrics and avoid prolonged dampness in folds to reduce fungal recurrence risk. For acne-prone skin, emphasize gentle cleansing and avoid picking or harsh over-stripping.",acne|oil_control|inflammation|comedones|hygiene|acne_support|breathable_clothing|moisture_control,0.9,safe,strong
R094,home_care,Acne-support: Cool compress (brief),"Use a brief cool compress for heat/itch sensations; avoid prolonged cold exposure. For acne-prone skin, emphasize gentle cleansing and avoid picking or harsh over-stripping.",acne|oil_control|inflammation|comedones|hygiene|acne_support|cooling|comfort_support,0.9,safe,strong
R095,diet,Psoriasis-support: Hydration-first plate,"Prioritize water-rich foods and regular fluids; dehydration can worsen skin discomfort. For scaling plaques, be extra gentle and avoid aggressive scrubbing.",psoriasis|scaling|inflammation|gentle_care|routine|psoriasis_support|hydration,0.84,safe,moderate
R096,diet,Psoriasis-support: Balanced low-spike meals,"Choose balanced meals and reduce frequent high-sugar spikes to support overall skin stability. For scaling plaques, be extra gentle and avoid aggressive scrubbing.",psoriasis|scaling|inflammation|gentle_care|routine|psoriasis_support|balanced_meals|glycemic_support,0.84,safe,moderate
R097,diet,Psoriasis-support: Gentle gut-friendly routine,"Keep meal timing consistent and include fiber-rich foods to support digestion-related skin flares. For scaling plaques, be extra gentle and avoid aggressive scrubbing.",psoriasis|scaling|inflammation|gentle_care|routine|psoriasis_support|digestion_support,0.84,safe,moderate
R098,diet,Psoriasis-support: Cooling foods when heat is high,"When redness/heat sensations are present, prefer mild cooling foods and avoid very spicy choices. For scaling plaques, be extra gentle and avoid aggressive scrubbing.",psoriasis|scaling|inflammation|gentle_care|routine|psoriasis_support|cooling|heat_support,0.84,safe,moderate
R099,diet,Psoriasis-support: Reduce ultra-processed triggers,"Limit ultra-processed foods that often correlate with flare cycles; observe your personal triggers. For scaling plaques, be extra gentle and avoid aggressive scrubbing.",psoriasis|scaling|inflammation|gentle_care|routine|psoriasis_support|trigger_avoidance|tracking,0.84,safe,moderate
R100,diet,Psoriasis-support: Healthy fats for barrier support,"Include moderate healthy fats (as tolerated) to support the skin barrier and dryness control. For scaling plaques, be extra gentle and avoid aggressive scrubbing.",psoriasis|scaling|inflammation|gentle_care|routine|psoriasis_support|barrier_repair|nutrition,0.84,safe,strong
R101,diet,Psoriasis-support: Mindful dairy check (individualized),"If you suspect dairy aggravates your skin, trial a short, monitored reduction and track changes. For scaling plaques, be extra gentle and avoid aggressive scrubbing.",psoriasis|scaling|inflammation|gentle_care|routine|psoriasis_support|trigger_tracking|individualized,0.84,caution,moderate
R102,lifestyle,Psoriasis-support: Consistent sleep window,"Aim for a consistent sleep schedule; irregular sleep can worsen itch, stress, and inflammation. For scaling plaques, be extra gentle and avoid aggressive scrubbing.",psoriasis|scaling|inflammation|gentle_care|routine|psoriasis_support|sleep,0.83,safe,moderate
R103,lifestyle,Psoriasis-support: Stress downshift practice,"Use a short daily stress-downshift (breathing, walk, journaling) to reduce flare triggers. For scaling plaques, be extra gentle and avoid aggressive scrubbing.",psoriasis|scaling|inflammation|gentle_care|routine|psoriasis_support|stress_support,0.83,safe,moderate
R104,lifestyle,Psoriasis-support: Sweat management habit,"After heavy sweating, change into dry clothing and cleanse gently to reduce irritation and fungal risk. For scaling plaques, be extra gentle and avoid aggressive scrubbing.",psoriasis|scaling|inflammation|gentle_care|routine|psoriasis_support|hygiene|moisture_control,0.83,safe,strong
R105,lifestyle,Psoriasis-support: Trigger journal,"Track stress, weather, products, and foods during flares to find repeatable triggers. For scaling plaques, be extra gentle and avoid aggressive scrubbing.",psoriasis|scaling|inflammation|gentle_care|routine|psoriasis_support|tracking|trigger_tracking,0.83,safe,moderate
R106,lifestyle,Psoriasis-support: Sun-smart routine,"Use shade, hats, and consistent sun protection habits to reduce redness and pigmentation worsening. For scaling plaques, be extra gentle and avoid aggressive scrubbing.",psoriasis|scaling|inflammation|gentle_care|routine|psoriasis_support|sun_protection,0.83,safe,strong
R107,lifestyle,Psoriasis-support: Friction reduction,"Reduce friction from tight clothing and rough fabrics; friction can amplify irritation and redness. For scaling plaques, be extra gentle and avoid aggressive scrubbing.",psoriasis|scaling|inflammation|gentle_care|routine|psoriasis_support|friction_reduction,0.83,safe,moderate
R108,lifestyle,Psoriasis-support: Humidity and ventilation,"Keep living spaces ventilated; humidity control can help reduce fungal and irritation triggers. For scaling plaques, be extra gentle and avoid aggressive scrubbing.",psoriasis|scaling|inflammation|gentle_care|routine|psoriasis_support|home_environment|moisture_control,0.83,safe,moderate
R109,home_care,Psoriasis-support: Gentle cleansing rule,"Cleanse with mild, fragrance-free products; avoid harsh scrubbing that damages the barrier. For scaling plaques, be extra gentle and avoid aggressive scrubbing.",psoriasis|scaling|inflammation|gentle_care|routine|psoriasis_support|gentle_cleansing|barrier_repair,0.9,safe,strong
R110,home_care,Psoriasis-support: Moisturize strategically,"Moisturize soon after bathing to lock in water and support barrier recovery. For scaling plaques, be extra gentle and avoid aggressive scrubbing.",psoriasis|scaling|inflammation|gentle_care|routine|psoriasis_support|barrier_repair|hydration,0.9,safe,strong
R111,home_care,Psoriasis-support: Short lukewarm showers,"Prefer short lukewarm showers over long hot ones to reduce dryness and irritation. For scaling plaques, be extra gentle and avoid aggressive scrubbing.",psoriasis|scaling|inflammation|gentle_care|routine|psoriasis_support|barrier_repair,0.9,safe,strong
R112,home_care,Psoriasis-support: Patch-test new products,"Test new skincare on a small area before full use to reduce contact reactions. For scaling plaques, be extra gentle and avoid aggressive scrubbing.",psoriasis|scaling|inflammation|gentle_care|routine|psoriasis_support|patch_testing|irritant_avoidance,0.9,caution,moderate
R113,home_care,Psoriasis-support: Nail and scratch control,"Keep nails short and use distractions to reduce scratching that worsens barrier injury. For scaling plaques, be extra gentle and avoid aggressive scrubbing.",psoriasis|scaling|inflammation|gentle_care|routine|psoriasis_support|itching_control|barrier_repair,0.9,safe,strong
R114,home_care,Psoriasis-support: Clean textiles routine,"Wash towels and pillowcases regularly; clean textiles can reduce irritation and recurrence cycles. For scaling plaques, be extra gentle and avoid aggressive scrubbing.",psoriasis|scaling|inflammation|gentle_care|routine|psoriasis_support|hygiene,0.9,safe,strong
R115,home_care,Psoriasis-support: Breathable fabric choice,"Use breathable fabrics and avoid prolonged dampness in folds to reduce fungal recurrence risk. For scaling plaques, be extra gentle and avoid aggressive scrubbing.",psoriasis|scaling|inflammation|gentle_care|routine|psoriasis_support|breathable_clothing|moisture_control,0.9,safe,moderate
R116,home_care,Psoriasis-support: Cool compress (brief),"Use a brief cool compress for heat/itch sensations; avoid prolonged cold exposure. For scaling plaques, be extra gentle and avoid aggressive scrubbing.",psoriasis|scaling|inflammation|gentle_care|routine|psoriasis_support|cooling|comfort_support,0.9,safe,moderate
R117,diet,Fungal-support: Hydration-first plate,"Prioritize water-rich foods and regular fluids; dehydration can worsen skin discomfort. For fungal-prone areas, prioritize dryness, ventilation, and sweat control habits.",fungal_infection|hygiene|moisture_control|breathable_clothing|fungal_support|hydration|routine,0.84,safe,strong
R118,diet,Fungal-support: Balanced low-spike meals,"Choose balanced meals and reduce frequent high-sugar spikes to support overall skin stability. For fungal-prone areas, prioritize dryness, ventilation, and sweat control habits.",fungal_infection|hygiene|moisture_control|breathable_clothing|fungal_support|balanced_meals|glycemic_support,0.84,safe,strong
R119,diet,Fungal-support: Gentle gut-friendly routine,"Keep meal timing consistent and include fiber-rich foods to support digestion-related skin flares. For fungal-prone areas, prioritize dryness, ventilation, and sweat control habits.",fungal_infection|hygiene|moisture_control|breathable_clothing|fungal_support|routine|digestion_support,0.84,safe,strong
R120,diet,Fungal-support: Cooling foods when heat is high,"When redness/heat sensations are present, prefer mild cooling foods and avoid very spicy choices. For fungal-prone areas, prioritize dryness, ventilation, and sweat control habits.",fungal_infection|hygiene|moisture_control|breathable_clothing|fungal_support|cooling|heat_support,0.84,safe,strong
R121,diet,Fungal-support: Reduce ultra-processed triggers,"Limit ultra-processed foods that often correlate with flare cycles; observe your personal triggers. For fungal-prone areas, prioritize dryness, ventilation, and sweat control habits.",fungal_infection|hygiene|moisture_control|breathable_clothing|fungal_support|trigger_avoidance|tracking,0.84,safe,strong
R122,diet,Fungal-support: Healthy fats for barrier support,"Include moderate healthy fats (as tolerated) to support the skin barrier and dryness control. For fungal-prone areas, prioritize dryness, ventilation, and sweat control habits.",fungal_infection|hygiene|moisture_control|breathable_clothing|fungal_support|barrier_repair|nutrition,0.84,safe,strong
R123,diet,Fungal-support: Mindful dairy check (individualized),"If you suspect dairy aggravates your skin, trial a short, monitored reduction and track changes. For fungal-prone areas, prioritize dryness, ventilation, and sweat control habits.",fungal_infection|hygiene|moisture_control|breathable_clothing|fungal_support|trigger_tracking|individualized,0.84,caution,strong
R124,lifestyle,Fungal-support: Consistent sleep window,"Aim for a consistent sleep schedule; irregular sleep can worsen itch, stress, and inflammation. For fungal-prone areas, prioritize dryness, ventilation, and sweat control habits.",fungal_infection|hygiene|moisture_control|breathable_clothing|fungal_support|sleep|routine,0.83,safe,strong
R125,lifestyle,Fungal-support: Stress downshift practice,"Use a short daily stress-downshift (breathing, walk, journaling) to reduce flare triggers. For fungal-prone areas, prioritize dryness, ventilation, and sweat control habits.",fungal_infection|hygiene|moisture_control|breathable_clothing|fungal_support|stress_support|routine,0.83,safe,strong
R126,lifestyle,Fungal-support: Sweat management habit,"After heavy sweating, change into dry clothing and cleanse gently to reduce irritation and fungal risk. For fungal-prone areas, prioritize dryness, ventilation, and sweat control habits.",fungal_infection|hygiene|moisture_control|breathable_clothing|fungal_support,0.83,safe,strong
R127,lifestyle,Fungal-support: Trigger journal,"Track stress, weather, products, and foods during flares to find repeatable triggers. For fungal-prone areas, prioritize dryness, ventilation, and sweat control habits.",fungal_infection|hygiene|moisture_control|breathable_clothing|fungal_support|tracking|trigger_tracking,0.83,safe,strong
R128,lifestyle,Fungal-support: Sun-smart routine,"Use shade, hats, and consistent sun protection habits to reduce redness and pigmentation worsening. For fungal-prone areas, prioritize dryness, ventilation, and sweat control habits.",fungal_infection|hygiene|moisture_control|breathable_clothing|fungal_support|sun_protection|routine,0.83,safe,strong
R129,lifestyle,Fungal-support: Friction reduction,"Reduce friction from tight clothing and rough fabrics; friction can amplify irritation and redness. For fungal-prone areas, prioritize dryness, ventilation, and sweat control habits.",fungal_infection|hygiene|moisture_control|breathable_clothing|fungal_support|friction_reduction|gentle_care,0.83,safe,strong
R130,lifestyle,Fungal-support: Humidity and ventilation,"Keep living spaces ventilated; humidity control can help reduce fungal and irritation triggers. For fungal-prone areas, prioritize dryness, ventilation, and sweat control habits.",fungal_infection|hygiene|moisture_control|breathable_clothing|fungal_support|home_environment,0.83,safe,strong
R131,home_care,Fungal-support: Gentle cleansing rule,"Cleanse with mild, fragrance-free products; avoid harsh scrubbing that damages the barrier. For fungal-prone areas, prioritize dryness, ventilation, and sweat control habits.",fungal_infection|hygiene|moisture_control|breathable_clothing|fungal_support|gentle_cleansing|barrier_repair,0.9,safe,strong
R132,home_care,Fungal-support: Moisturize strategically,"Moisturize soon after bathing to lock in water and support barrier recovery. For fungal-prone areas, prioritize dryness, ventilation, and sweat control habits.",fungal_infection|hygiene|moisture_control|breathable_clothing|fungal_support|barrier_repair|hydration,0.9,safe,strong
R133,home_care,Fungal-support: Short lukewarm showers,"Prefer short lukewarm showers over long hot ones to reduce dryness and irritation. For fungal-prone areas, prioritize dryness, ventilation, and sweat control habits.",fungal_infection|hygiene|moisture_control|breathable_clothing|fungal_support|barrier_repair|gentle_care,0.9,safe,strong
R134,home_care,Fungal-support: Patch-test new products,"Test new skincare on a small area before full use to reduce contact reactions. For fungal-prone areas, prioritize dryness, ventilation, and sweat control habits.",fungal_infection|hygiene|moisture_control|breathable_clothing|fungal_support|patch_testing|irritant_avoidance,0.9,caution,strong
R135,home_care,Fungal-support: Nail and scratch control,"Keep nails short and use distractions to reduce scratching that worsens barrier injury. For fungal-prone areas, prioritize dryness, ventilation, and sweat control habits.",fungal_infection|hygiene|moisture_control|breathable_clothing|fungal_support|itching_control|barrier_repair,0.9,safe,strong
R136,home_care,Fungal-support: Clean textiles routine,"Wash towels and pillowcases regularly; clean textiles can reduce irritation and recurrence cycles. For fungal-prone areas, prioritize dryness, ventilation, and sweat control habits.",fungal_infection|hygiene|moisture_control|breathable_clothing|fungal_support|routine,0.9,safe,strong
R137,home_care,Fungal-support: Breathable fabric choice,"Use breathable fabrics and avoid prolonged dampness in folds to reduce fungal recurrence risk. For fungal-prone areas, prioritize dryness, ventilation, and sweat control habits.",fungal_infection|hygiene|moisture_control|breathable_clothing|fungal_support,0.9,safe,strong
R138,home_care,Fungal-support: Cool compress (brief),"Use a brief cool compress for heat/itch sensations; avoid prolonged cold exposure. For fungal-prone areas, prioritize dryness, ventilation, and sweat control habits.",fungal_infection|hygiene|moisture_control|breathable_clothing|fungal_support|cooling|comfort_support,0.9,safe,strong
R139,diet,Dry-skin support: Hydration-first plate,"Prioritize water-rich foods and regular fluids; dehydration can worsen skin discomfort. For chronic dryness, prioritize moisture retention and barrier repair habits.",dry_skin|hydration|barrier_repair|gentle_cleansing|dryness|routine,0.84,safe,strong
R140,diet,Dry-skin support: Balanced low-spike meals,"Choose balanced meals and reduce frequent high-sugar spikes to support overall skin stability. For chronic dryness, prioritize moisture retention and barrier repair habits.",dry_skin|hydration|barrier_repair|gentle_cleansing|dryness|balanced_meals|glycemic_support,0.84,safe,strong
R141,diet,Dry-skin support: Gentle gut-friendly routine,"Keep meal timing consistent and include fiber-rich foods to support digestion-related skin flares. For chronic dryness, prioritize moisture retention and barrier repair habits.",dry_skin|hydration|barrier_repair|gentle_cleansing|dryness|routine|digestion_support,0.84,safe,strong
R142,diet,Dry-skin support: Cooling foods when heat is high,"When redness/heat sensations are present, prefer mild cooling foods and avoid very spicy choices. For chronic dryness, prioritize moisture retention and barrier repair habits.",dry_skin|hydration|barrier_repair|gentle_cleansing|dryness|cooling|heat_support,0.84,safe,strong
R143,diet,Dry-skin support: Reduce ultra-processed triggers,"Limit ultra-processed foods that often correlate with flare cycles; observe your personal triggers. For chronic dryness, prioritize moisture retention and barrier repair habits.",dry_skin|hydration|barrier_repair|gentle_cleansing|dryness|trigger_avoidance|tracking,0.84,safe,strong
R144,diet,Dry-skin support: Healthy fats for barrier support,"Include moderate healthy fats (as tolerated) to support the skin barrier and dryness control. For chronic dryness, prioritize moisture retention and barrier repair habits.",dry_skin|hydration|barrier_repair|gentle_cleansing|dryness|nutrition,0.84,safe,strong
R145,diet,Dry-skin support: Mindful dairy check (individualized),"If you suspect dairy aggravates your skin, trial a short, monitored reduction and track changes. For chronic dryness, prioritize moisture retention and barrier repair habits.",dry_skin|hydration|barrier_repair|gentle_cleansing|dryness|trigger_tracking|individualized,0.84,caution,strong
R146,lifestyle,Dry-skin support: Consistent sleep window,"Aim for a consistent sleep schedule; irregular sleep can worsen itch, stress, and inflammation. For chronic dryness, prioritize moisture retention and barrier repair habits.",dry_skin|hydration|barrier_repair|gentle_cleansing|dryness|sleep|routine,0.83,safe,strong
R147,lifestyle,Dry-skin support: Stress downshift practice,"Use a short daily stress-downshift (breathing, walk, journaling) to reduce flare triggers. For chronic dryness, prioritize moisture retention and barrier repair habits.",dry_skin|hydration|barrier_repair|gentle_cleansing|dryness|stress_support|routine,0.83,safe,strong
R148,lifestyle,Dry-skin support: Sweat management habit,"After heavy sweating, change into dry clothing and cleanse gently to reduce irritation and fungal risk. For chronic dryness, prioritize moisture retention and barrier repair habits.",dry_skin|hydration|barrier_repair|gentle_cleansing|dryness|hygiene|moisture_control,0.83,safe,strong
R149,lifestyle,Dry-skin support: Trigger journal,"Track stress, weather, products, and foods during flares to find repeatable triggers. For chronic dryness, prioritize moisture retention and barrier repair habits.",dry_skin|hydration|barrier_repair|gentle_cleansing|dryness|tracking|trigger_tracking,0.83,safe,strong
R150,lifestyle,Dry-skin support: Sun-smart routine,"Use shade, hats, and consistent sun protection habits to reduce redness and pigmentation worsening. For chronic dryness, prioritize moisture retention and barrier repair habits.",dry_skin|hydration|barrier_repair|gentle_cleansing|dryness|sun_protection|routine,0.83,safe,strong
R151,lifestyle,Dry-skin support: Friction reduction,"Reduce friction from tight clothing and rough fabrics; friction can amplify irritation and redness. For chronic dryness, prioritize moisture retention and barrier repair habits.",dry_skin|hydration|barrier_repair|gentle_cleansing|dryness|friction_reduction|gentle_care,0.83,safe,strong
R152,lifestyle,Dry-skin support: Humidity and ventilation,"Keep living spaces ventilated; humidity control can help reduce fungal and irritation triggers. For chronic dryness, prioritize moisture retention and barrier repair habits.",dry_skin|hydration|barrier_repair|gentle_cleansing|dryness|home_environment|moisture_control,0.83,safe,strong
R153,home_care,Dry-skin support: Gentle cleansing rule,"Cleanse with mild, fragrance-free products; avoid harsh scrubbing that damages the barrier. For chronic dryness, prioritize moisture retention and barrier repair habits.",dry_skin|hydration|barrier_repair|gentle_cleansing|dryness,0.9,safe,strong
R154,home_care,Dry-skin support: Moisturize strategically,"Moisturize soon after bathing to lock in water and support barrier recovery. For chronic dryness, prioritize moisture retention and barrier repair habits.",dry_skin|hydration|barrier_repair|gentle_cleansing|dryness,0.9,safe,strong
R155,home_care,Dry-skin support: Short lukewarm showers,"Prefer short lukewarm showers over long hot ones to reduce dryness and irritation. For chronic dryness, prioritize moisture retention and barrier repair habits.",dry_skin|hydration|barrier_repair|gentle_cleansing|dryness|gentle_care,0.9,safe,strong
R156,home_care,Dry-skin support: Patch-test new products,"Test new skincare on a small area before full use to reduce contact reactions. For chronic dryness, prioritize moisture retention and barrier repair habits.",dry_skin|hydration|barrier_repair|gentle_cleansing|dryness|patch_testing|irritant_avoidance,0.9,caution,strong
R157,home_care,Dry-skin support: Nail and scratch control,"Keep nails short and use distractions to reduce scratching that worsens barrier injury. For chronic dryness, prioritize moisture retention and barrier repair habits.",dry_skin|hydration|barrier_repair|gentle_cleansing|dryness|itching_control,0.9,safe,strong
R158,home_care,Dry-skin support: Clean textiles routine,"Wash towels and pillowcases regularly; clean textiles can reduce irritation and recurrence cycles. For chronic dryness, prioritize moisture retention and barrier repair habits.",dry_skin|hydration|barrier_repair|gentle_cleansing|dryness|hygiene|routine,0.9,safe,strong
R159,home_care,Dry-skin support: Breathable fabric choice,"Use breathable fabrics and avoid prolonged dampness in folds to reduce fungal recurrence risk. For chronic dryness, prioritize moisture retention and barrier repair habits.",dry_skin|hydration|barrier_repair|gentle_cleansing|dryness|breathable_clothing|moisture_control,0.9,safe,strong
R160,home_care,Dry-skin support: Cool compress (brief),"Use a brief cool compress for heat/itch sensations; avoid prolonged cold exposure. For chronic dryness, prioritize moisture retention and barrier repair habits.",dry_skin|hydration|barrier_repair|gentle_cleansing|dryness|cooling|comfort_support,0.9,safe,strong
R161,diet,Irritant-aware: Hydration-first plate,"Prioritize water-rich foods and regular fluids; dehydration can worsen skin discomfort. If product irritation is suspected, reduce product load and introduce changes one-by-one.",contact_dermatitis|irritant_avoidance|barrier_repair|patch_testing|contact_dermatitis_support|hydration|routine,0.84,caution,strong
R162,diet,Irritant-aware: Balanced low-spike meals,"Choose balanced meals and reduce frequent high-sugar spikes to support overall skin stability. If product irritation is suspected, reduce product load and introduce changes one-by-one.",contact_dermatitis|irritant_avoidance|barrier_repair|patch_testing|contact_dermatitis_support|balanced_meals|glycemic_support,0.84,caution,strong
R163,diet,Irritant-aware: Gentle gut-friendly routine,"Keep meal timing consistent and include fiber-rich foods to support digestion-related skin flares. If product irritation is suspected, reduce product load and introduce changes one-by-one.",contact_dermatitis|irritant_avoidance|barrier_repair|patch_testing|contact_dermatitis_support|routine|digestion_support,0.84,caution,strong
R164,diet,Irritant-aware: Cooling foods when heat is high,"When redness/heat sensations are present, prefer mild cooling foods and avoid very spicy choices. If product irritation is suspected, reduce product load and introduce changes one-by-one.",contact_dermatitis|irritant_avoidance|barrier_repair|patch_testing|contact_dermatitis_support|cooling|heat_support,0.84,caution,strong
R165,diet,Irritant-aware: Reduce ultra-processed triggers,"Limit ultra-processed foods that often correlate with flare cycles; observe your personal triggers. If product irritation is suspected, reduce product load and introduce changes one-by-one.",contact_dermatitis|irritant_avoidance|barrier_repair|patch_testing|contact_dermatitis_support|trigger_avoidance|tracking,0.84,caution,strong
R166,diet,Irritant-aware: Healthy fats for barrier support,"Include moderate healthy fats (as tolerated) to support the skin barrier and dryness control. If product irritation is suspected, reduce product load and introduce changes one-by-one.",contact_dermatitis|irritant_avoidance|barrier_repair|patch_testing|contact_dermatitis_support|nutrition,0.84,caution,strong
R167,diet,Irritant-aware: Mindful dairy check (individualized),"If you suspect dairy aggravates your skin, trial a short, monitored reduction and track changes. If product irritation is suspected, reduce product load and introduce changes one-by-one.",contact_dermatitis|irritant_avoidance|barrier_repair|patch_testing|contact_dermatitis_support|trigger_tracking|individualized,0.84,caution,strong
R168,lifestyle,Irritant-aware: Consistent sleep window,"Aim for a consistent sleep schedule; irregular sleep can worsen itch, stress, and inflammation. If product irritation is suspected, reduce product load and introduce changes one-by-one.",contact_dermatitis|irritant_avoidance|barrier_repair|patch_testing|contact_dermatitis_support|sleep|routine,0.83,caution,strong
R169,lifestyle,Irritant-aware: Stress downshift practice,"Use a short daily stress-downshift (breathing, walk, journaling) to reduce flare triggers. If product irritation is suspected, reduce product load and introduce changes one-by-one.",contact_dermatitis|irritant_avoidance|barrier_repair|patch_testing|contact_dermatitis_support|stress_support|routine,0.83,caution,strong
R170,lifestyle,Irritant-aware: Sweat management habit,"After heavy sweating, change into dry clothing and cleanse gently to reduce irritation and fungal risk. If product irritation is suspected, reduce product load and introduce changes one-by-one.",contact_dermatitis|irritant_avoidance|barrier_repair|patch_testing|contact_dermatitis_support|hygiene|moisture_control,0.83,caution,strong
R171,lifestyle,Irritant-aware: Trigger journal,"Track stress, weather, products, and foods during flares to find repeatable triggers. If product irritation is suspected, reduce product load and introduce changes one-by-one.",contact_dermatitis|irritant_avoidance|barrier_repair|patch_testing|contact_dermatitis_support|tracking|trigger_tracking,0.83,caution,strong
R172,lifestyle,Irritant-aware: Sun-smart routine,"Use shade, hats, and consistent sun protection habits to reduce redness and pigmentation worsening. If product irritation is suspected, reduce product load and introduce changes one-by-one.",contact_dermatitis|irritant_avoidance|barrier_repair|patch_testing|contact_dermatitis_support|sun_protection|routine,0.83,caution,strong
R173,lifestyle,Irritant-aware: Friction reduction,"Reduce friction from tight clothing and rough fabrics; friction can amplify irritation and redness. If product irritation is suspected, reduce product load and introduce changes one-by-one.",contact_dermatitis|irritant_avoidance|barrier_repair|patch_testing|contact_dermatitis_support|friction_reduction|gentle_care,0.83,caution,strong
R174,lifestyle,Irritant-aware: Humidity and ventilation,"Keep living spaces ventilated; humidity control can help reduce fungal and irritation triggers. If product irritation is suspected, reduce product load and introduce changes one-by-one.",contact_dermatitis|irritant_avoidance|barrier_repair|patch_testing|contact_dermatitis_support|home_environment|moisture_control,0.83,caution,strong
R175,home_care,Irritant-aware: Gentle cleansing rule,"Cleanse with mild, fragrance-free products; avoid harsh scrubbing that damages the barrier. If product irritation is suspected, reduce product load and introduce changes one-by-one.",contact_dermatitis|irritant_avoidance|barrier_repair|patch_testing|contact_dermatitis_support|gentle_cleansing,0.9,caution,strong
R176,home_care,Irritant-aware: Moisturize strategically,"Moisturize soon after bathing to lock in water and support barrier recovery. If product irritation is suspected, reduce product load and introduce changes one-by-one.",contact_dermatitis|irritant_avoidance|barrier_repair|patch_testing|contact_dermatitis_support|hydration,0.9,caution,strong
R177,home_care,Irritant-aware: Short lukewarm showers,"Prefer short lukewarm showers over long hot ones to reduce dryness and irritation. If product irritation is suspected, reduce product load and introduce changes one-by-one.",contact_dermatitis|irritant_avoidance|barrier_repair|patch_testing|contact_dermatitis_support|gentle_care,0.9,caution,strong
R178,home_care,Irritant-aware: Patch-test new products,"Test new skincare on a small area before full use to reduce contact reactions. If product irritation is suspected, reduce product load and introduce changes one-by-one.",contact_dermatitis|irritant_avoidance|barrier_repair|patch_testing|contact_dermatitis_support,0.9,caution,strong
R179,home_care,Irritant-aware: Nail and scratch control,"Keep nails short and use distractions to reduce scratching that worsens barrier injury. If product irritation is suspected, reduce product load and introduce changes one-by-one.",contact_dermatitis|irritant_avoidance|barrier_repair|patch_testing|contact_dermatitis_support|itching_control,0.9,caution,strong
R180,home_care,Irritant-aware: Clean textiles routine,"Wash towels and pillowcases regularly; clean textiles can reduce irritation and recurrence cycles. If product irritation is suspected, reduce product load and introduce changes one-by-one.",contact_dermatitis|irritant_avoidance|barrier_repair|patch_testing|contact_dermatitis_support|hygiene|routine,0.9,caution,strong
R181,home_care,Irritant-aware: Breathable fabric choice,"Use breathable fabrics and avoid prolonged dampness in folds to reduce fungal recurrence risk. If product irritation is suspected, reduce product load and introduce changes one-by-one.",contact_dermatitis|irritant_avoidance|barrier_repair|patch_testing|contact_dermatitis_support|breathable_clothing|moisture_control,0.9,caution,strong
R182,home_care,Irritant-aware: Cool compress (brief),"Use a brief cool compress for heat/itch sensations; avoid prolonged cold exposure. If product irritation is suspected, reduce product load and introduce changes one-by-one.",contact_dermatitis|irritant_avoidance|barrier_repair|patch_testing|contact_dermatitis_support|cooling|comfort_support,0.9,caution,strong
R183,diet,Scalp/flake support: Hydration-first plate,"Prioritize water-rich foods and regular fluids; dehydration can worsen skin discomfort. For flaking patterns, keep cleansing consistent and avoid heavy occlusive buildup.",seborrheic_dermatitis|scalp_care|gentle_cleansing|stress_support|seborrheic_support|hydration|routine,0.84,safe,moderate
R184,diet,Scalp/flake support: Balanced low-spike meals,"Choose balanced meals and reduce frequent high-sugar spikes to support overall skin stability. For flaking patterns, keep cleansing consistent and avoid heavy occlusive buildup.",seborrheic_dermatitis|scalp_care|gentle_cleansing|stress_support|seborrheic_support|balanced_meals|glycemic_support,0.84,safe,moderate
R185,diet,Scalp/flake support: Gentle gut-friendly routine,"Keep meal timing consistent and include fiber-rich foods to support digestion-related skin flares. For flaking patterns, keep cleansing consistent and avoid heavy occlusive buildup.",seborrheic_dermatitis|scalp_care|gentle_cleansing|stress_support|seborrheic_support|routine|digestion_support,0.84,safe,moderate
R186,diet,Scalp/flake support: Cooling foods when heat is high,"When redness/heat sensations are present, prefer mild cooling foods and avoid very spicy choices. For flaking patterns, keep cleansing consistent and avoid heavy occlusive buildup.",seborrheic_dermatitis|scalp_care|gentle_cleansing|stress_support|seborrheic_support|cooling|heat_support,0.84,safe,moderate
R187,diet,Scalp/flake support: Reduce ultra-processed triggers,"Limit ultra-processed foods that often correlate with flare cycles; observe your personal triggers. For flaking patterns, keep cleansing consistent and avoid heavy occlusive buildup.",seborrheic_dermatitis|scalp_care|gentle_cleansing|stress_support|seborrheic_support|trigger_avoidance|tracking,0.84,safe,moderate
R188,diet,Scalp/flake support: Healthy fats for barrier support,"Include moderate healthy fats (as tolerated) to support the skin barrier and dryness control. For flaking patterns, keep cleansing consistent and avoid heavy occlusive buildup.",seborrheic_dermatitis|scalp_care|gentle_cleansing|stress_support|seborrheic_support|barrier_repair|nutrition,0.84,safe,strong
R189,diet,Scalp/flake support: Mindful dairy check (individualized),"If you suspect dairy aggravates your skin, trial a short, monitored reduction and track changes. For flaking patterns, keep cleansing consistent and avoid heavy occlusive buildup.",seborrheic_dermatitis|scalp_care|gentle_cleansing|stress_support|seborrheic_support|trigger_tracking|individualized,0.84,caution,moderate
R190,lifestyle,Scalp/flake support: Consistent sleep window,"Aim for a consistent sleep schedule; irregular sleep can worsen itch, stress, and inflammation. For flaking patterns, keep cleansing consistent and avoid heavy occlusive buildup.",seborrheic_dermatitis|scalp_care|gentle_cleansing|stress_support|seborrheic_support|sleep|routine,0.83,safe,moderate
R191,lifestyle,Scalp/flake support: Stress downshift practice,"Use a short daily stress-downshift (breathing, walk, journaling) to reduce flare triggers. For flaking patterns, keep cleansing consistent and avoid heavy occlusive buildup.",seborrheic_dermatitis|scalp_care|gentle_cleansing|stress_support|seborrheic_support|routine,0.83,safe,moderate
R192,lifestyle,Scalp/flake support: Sweat management habit,"After heavy sweating, change into dry clothing and cleanse gently to reduce irritation and fungal risk. For flaking patterns, keep cleansing consistent and avoid heavy occlusive buildup.",seborrheic_dermatitis|scalp_care|gentle_cleansing|stress_support|seborrheic_support|hygiene|moisture_control,0.83,safe,strong
R193,lifestyle,Scalp/flake support: Trigger journal,"Track stress, weather, products, and foods during flares to find repeatable triggers. For flaking patterns, keep cleansing consistent and avoid heavy occlusive buildup.",seborrheic_dermatitis|scalp_care|gentle_cleansing|stress_support|seborrheic_support|tracking|trigger_tracking,0.83,safe,moderate
R194,lifestyle,Scalp/flake support: Sun-smart routine,"Use shade, hats, and consistent sun protection habits to reduce redness and pigmentation worsening. For flaking patterns, keep cleansing consistent and avoid heavy occlusive buildup.",seborrheic_dermatitis|scalp_care|gentle_cleansing|stress_support|seborrheic_support|sun_protection|routine,0.83,safe,strong
R195,lifestyle,Scalp/flake support: Friction reduction,"Reduce friction from tight clothing and rough fabrics; friction can amplify irritation and redness. For flaking patterns, keep cleansing consistent and avoid heavy occlusive buildup.",seborrheic_dermatitis|scalp_care|gentle_cleansing|stress_support|seborrheic_support|friction_reduction|gentle_care,0.83,safe,moderate
R196,lifestyle,Scalp/flake support: Humidity and ventilation,"Keep living spaces ventilated; humidity control can help reduce fungal and irritation triggers. For flaking patterns, keep cleansing consistent and avoid heavy occlusive buildup.",seborrheic_dermatitis|scalp_care|gentle_cleansing|stress_support|seborrheic_support|home_environment|moisture_control,0.83,safe,moderate
R197,home_care,Scalp/flake support: Gentle cleansing rule,"Cleanse with mild, fragrance-free products; avoid harsh scrubbing that damages the barrier. For flaking patterns, keep cleansing consistent and avoid heavy occlusive buildup.",seborrheic_dermatitis|scalp_care|gentle_cleansing|stress_support|seborrheic_support|barrier_repair,0.9,safe,strong
R198,home_care,Scalp/flake support: Moisturize strategically,"Moisturize soon after bathing to lock in water and support barrier recovery. For flaking patterns, keep cleansing consistent and avoid heavy occlusive buildup.",seborrheic_dermatitis|scalp_care|gentle_cleansing|stress_support|seborrheic_support|barrier_repair|hydration,0.9,safe,strong
R199,home_care,Scalp/flake support: Short lukewarm showers,"Prefer short lukewarm showers over long hot ones to reduce dryness and irritation. For flaking patterns, keep cleansing consistent and avoid heavy occlusive buildup.",seborrheic_dermatitis|scalp_care|gentle_cleansing|stress_support|seborrheic_support|barrier_repair|gentle_care,0.9,safe,strong
R200,home_care,Scalp/flake support: Patch-test new products,"Test new skincare on a small area before full use to reduce contact reactions. For flaking patterns, keep cleansing consistent and avoid heavy occlusive buildup.",seborrheic_dermatitis|scalp_care|gentle_cleansing|stress_support|seborrheic_support|patch_testing|irritant_avoidance,0.9,caution,moderate
R201,home_care,Scalp/flake support: Nail and scratch control,"Keep nails short and use distractions to reduce scratching that worsens barrier injury. For flaking patterns, keep cleansing consistent and avoid heavy occlusive buildup.",seborrheic_dermatitis|scalp_care|gentle_cleansing|stress_support|seborrheic_support|itching_control|barrier_repair,0.9,safe,strong
R202,home_care,Scalp/flake support: Clean textiles routine,"Wash towels and pillowcases regularly; clean textiles can reduce irritation and recurrence cycles. For flaking patterns, keep cleansing consistent and avoid heavy occlusive buildup.",seborrheic_dermatitis|scalp_care|gentle_cleansing|stress_support|seborrheic_support|hygiene|routine,0.9,safe,strong
R203,home_care,Scalp/flake support: Breathable fabric choice,"Use breathable fabrics and avoid prolonged dampness in folds to reduce fungal recurrence risk. For flaking patterns, keep cleansing consistent and avoid heavy occlusive buildup.",seborrheic_dermatitis|scalp_care|gentle_cleansing|stress_support|seborrheic_support|breathable_clothing|moisture_control,0.9,safe,moderate
R204,home_care,Scalp/flake support: Cool compress (brief),"Use a brief cool compress for heat/itch sensations; avoid prolonged cold exposure. For flaking patterns, keep cleansing consistent and avoid heavy occlusive buildup.",seborrheic_dermatitis|scalp_care|gentle_cleansing|stress_support|seborrheic_support|cooling|comfort_support,0.9,safe,moderate
R205,diet,Hives-support: Hydration-first plate,"Prioritize water-rich foods and regular fluids; dehydration can worsen skin discomfort. For hive-like flares, focus on trigger tracking and calming routines; seek care for severe reactions.",urticaria|trigger_tracking|cooling|stress_support|urticaria_support|hydration|routine,0.84,safe,moderate
R206,diet,Hives-support: Balanced low-spike meals,"Choose balanced meals and reduce frequent high-sugar spikes to support overall skin stability. For hive-like flares, focus on trigger tracking and calming routines; seek care for severe reactions.",urticaria|trigger_tracking|cooling|stress_support|urticaria_support|balanced_meals|glycemic_support,0.84,safe,moderate
R207,diet,Hives-support: Gentle gut-friendly routine,"Keep meal timing consistent and include fiber-rich foods to support digestion-related skin flares. For hive-like flares, focus on trigger tracking and calming routines; seek care for severe reactions.",urticaria|trigger_tracking|cooling|stress_support|urticaria_support|routine|digestion_support,0.84,safe,moderate
R208,diet,Hives-support: Cooling foods when heat is high,"When redness/heat sensations are present, prefer mild cooling foods and avoid very spicy choices. For hive-like flares, focus on trigger tracking and calming routines; seek care for severe reactions.",urticaria|trigger_tracking|cooling|stress_support|urticaria_support|heat_support,0.84,safe,moderate
R209,diet,Hives-support: Reduce ultra-processed triggers,"Limit ultra-processed foods that often correlate with flare cycles; observe your personal triggers. For hive-like flares, focus on trigger tracking and calming routines; seek care for severe reactions.",urticaria|trigger_tracking|cooling|stress_support|urticaria_support|trigger_avoidance|tracking,0.84,safe,moderate
R210,diet,Hives-support: Healthy fats for barrier support,"Include moderate healthy fats (as tolerated) to support the skin barrier and dryness control. For hive-like flares, focus on trigger tracking and calming routines; seek care for severe reactions.",urticaria|trigger_tracking|cooling|stress_support|urticaria_support|barrier_repair|nutrition,0.84,safe,strong
R211,diet,Hives-support: Mindful dairy check (individualized),"If you suspect dairy aggravates your skin, trial a short, monitored reduction and track changes. For hive-like flares, focus on trigger tracking and calming routines; seek care for severe reactions.",urticaria|trigger_tracking|cooling|stress_support|urticaria_support|individualized,0.84,caution,moderate
R212,lifestyle,Hives-support: Consistent sleep window,"Aim for a consistent sleep schedule; irregular sleep can worsen itch, stress, and inflammation. For hive-like flares, focus on trigger tracking and calming routines; seek care for severe reactions.",urticaria|trigger_tracking|cooling|stress_support|urticaria_support|sleep|routine,0.83,safe,moderate
R213,lifestyle,Hives-support: Stress downshift practice,"Use a short daily stress-downshift (breathing, walk, journaling) to reduce flare triggers. For hive-like flares, focus on trigger tracking and calming routines; seek care for severe reactions.",urticaria|trigger_tracking|cooling|stress_support|urticaria_support|routine,0.83,safe,moderate
R214,lifestyle,Hives-support: Sweat management habit,"After heavy sweating, change into dry clothing and cleanse gently to reduce irritation and fungal risk. For hive-like flares, focus on trigger tracking and calming routines; seek care for severe reactions.",urticaria|trigger_tracking|cooling|stress_support|urticaria_support|hygiene|moisture_control,0.83,safe,strong
R215,lifestyle,Hives-support: Trigger journal,"Track stress, weather, products, and foods during flares to find repeatable triggers. For hive-like flares, focus on trigger tracking and calming routines; seek care for severe reactions.",urticaria|trigger_tracking|cooling|stress_support|urticaria_support|tracking,0.83,safe,moderate
R216,lifestyle,Hives-support: Sun-smart routine,"Use shade, hats, and consistent sun protection habits to reduce redness and pigmentation worsening. For hive-like flares, focus on trigger tracking and calming routines; seek care for severe reactions.",urticaria|trigger_tracking|cooling|stress_support|urticaria_support|sun_protection|routine,0.83,safe,strong
R217,lifestyle,Hives-support: Friction reduction,"Reduce friction from tight clothing and rough fabrics; friction can amplify irritation and redness. For hive-like flares, focus on trigger tracking and calming routines; seek care for severe reactions.",urticaria|trigger_tracking|cooling|stress_support|urticaria_support|friction_reduction|gentle_care,0.83,safe,moderate
R218,lifestyle,Hives-support: Humidity and ventilation,"Keep living spaces ventilated; humidity control can help reduce fungal and irritation triggers. For hive-like flares, focus on trigger tracking and calming routines; seek care for severe reactions.",urticaria|trigger_tracking|cooling|stress_support|urticaria_support|home_environment|moisture_control,0.83,safe,moderate
R219,home_care,Hives-support: Gentle cleansing rule,"Cleanse with mild, fragrance-free products; avoid harsh scrubbing that damages the barrier. For hive-like flares, focus on trigger tracking and calming routines; seek care for severe reactions.",urticaria|trigger_tracking|cooling|stress_support|urticaria_support|gentle_cleansing|barrier_repair,0.9,safe,strong
R220,home_care,Hives-support: Moisturize strategically,"Moisturize soon after bathing to lock in water and support barrier recovery. For hive-like flares, focus on trigger tracking and calming routines; seek care for severe reactions.",urticaria|trigger_tracking|cooling|stress_support|urticaria_support|barrier_repair|hydration,0.9,safe,strong
R221,home_care,Hives-support: Short lukewarm showers,"Prefer short lukewarm showers over long hot ones to reduce dryness and irritation. For hive-like flares, focus on trigger tracking and calming routines; seek care for severe reactions.",urticaria|trigger_tracking|cooling|stress_support|urticaria_support|barrier_repair|gentle_care,0.9,safe,strong
R222,home_care,Hives-support: Patch-test new products,"Test new skincare on a small area before full use to reduce contact reactions. For hive-like flares, focus on trigger tracking and calming routines; seek care for severe reactions.",urticaria|trigger_tracking|cooling|stress_support|urticaria_support|patch_testing|irritant_avoidance,0.9,caution,moderate
R223,home_care,Hives-support: Nail and scratch control,"Keep nails short and use distractions to reduce scratching that worsens barrier injury. For hive-like flares, focus on trigger tracking and calming routines; seek care for severe reactions.",urticaria|trigger_tracking|cooling|stress_support|urticaria_support|itching_control|barrier_repair,0.9,safe,strong
R224,home_care,Hives-support: Clean textiles routine,"Wash towels and pillowcases regularly; clean textiles can reduce irritation and recurrence cycles. For hive-like flares, focus on trigger tracking and calming routines; seek care for severe reactions.",urticaria|trigger_tracking|cooling|stress_support|urticaria_support|hygiene|routine,0.9,safe,strong
R225,home_care,Hives-support: Breathable fabric choice,"Use breathable fabrics and avoid prolonged dampness in folds to reduce fungal recurrence risk. For hive-like flares, focus on trigger tracking and calming routines; seek care for severe reactions.",urticaria|trigger_tracking|cooling|stress_support|urticaria_support|breathable_clothing|moisture_control,0.9,safe,moderate
R226,home_care,Hives-support: Cool compress (brief),"Use a brief cool compress for heat/itch sensations; avoid prolonged cold exposure. For hive-like flares, focus on trigger tracking and calming routines; seek care for severe reactions.",urticaria|trigger_tracking|cooling|stress_support|urticaria_support|comfort_support,0.9,safe,moderate
R227,diet,Redness-support: Hydration-first plate,"Prioritize water-rich foods and regular fluids; dehydration can worsen skin discomfort. For flushing/redness, avoid heat triggers and keep products gentle and fragrance-free.",rosacea_like_redness|heat_avoidance|gentle_cleansing|cooling|redness_support|hydration|routine,0.84,safe,moderate
R228,diet,Redness-support: Balanced low-spike meals,"Choose balanced meals and reduce frequent high-sugar spikes to support overall skin stability. For flushing/redness, avoid heat triggers and keep products gentle and fragrance-free.",rosacea_like_redness|heat_avoidance|gentle_cleansing|cooling|redness_support|balanced_meals|glycemic_support,0.84,safe,moderate
R229,diet,Redness-support: Gentle gut-friendly routine,"Keep meal timing consistent and include fiber-rich foods to support digestion-related skin flares. For flushing/redness, avoid heat triggers and keep products gentle and fragrance-free.",rosacea_like_redness|heat_avoidance|gentle_cleansing|cooling|redness_support|routine|digestion_support,0.84,safe,moderate
R230,diet,Redness-support: Cooling foods when heat is high,"When redness/heat sensations are present, prefer mild cooling foods and avoid very spicy choices. For flushing/redness, avoid heat triggers and keep products gentle and fragrance-free.",rosacea_like_redness|heat_avoidance|gentle_cleansing|cooling|redness_support|heat_support,0.84,safe,moderate
R231,diet,Redness-support: Reduce ultra-processed triggers,"Limit ultra-processed foods that often correlate with flare cycles; observe your personal triggers. For flushing/redness, avoid heat triggers and keep products gentle and fragrance-free.",rosacea_like_redness|heat_avoidance|gentle_cleansing|cooling|redness_support|trigger_avoidance|tracking,0.84,safe,moderate
R232,diet,Redness-support: Healthy fats for barrier support,"Include moderate healthy fats (as tolerated) to support the skin barrier and dryness control. For flushing/redness, avoid heat triggers and keep products gentle and fragrance-free.",rosacea_like_redness|heat_avoidance|gentle_cleansing|cooling|redness_support|barrier_repair|nutrition,0.84,safe,strong
R233,diet,Redness-support: Mindful dairy check (individualized),"If you suspect dairy aggravates your skin, trial a short, monitored reduction and track changes. For flushing/redness, avoid heat triggers and keep products gentle and fragrance-free.",rosacea_like_redness|heat_avoidance|gentle_cleansing|cooling|redness_support|trigger_tracking|individualized,0.84,caution,moderate
R234,lifestyle,Redness-support: Consistent sleep window,"Aim for a consistent sleep schedule; irregular sleep can worsen itch, stress, and inflammation. For flushing/redness, avoid heat triggers and keep products gentle and fragrance-free.",rosacea_like_redness|heat_avoidance|gentle_cleansing|cooling|redness_support|sleep|routine,0.83,safe,moderate
R235,lifestyle,Redness-support: Stress downshift practice,"Use a short daily stress-downshift (breathing, walk, journaling) to reduce flare triggers. For flushing/redness, avoid heat triggers and keep products gentle and fragrance-free.",rosacea_like_redness|heat_avoidance|gentle_cleansing|cooling|redness_support|stress_support|routine,0.83,safe,moderate
R236,lifestyle,Redness-support: Sweat management habit,"After heavy sweating, change into dry clothing and cleanse gently to reduce irritation and fungal risk. For flushing/redness, avoid heat triggers and keep products gentle and fragrance-free.",rosacea_like_redness|heat_avoidance|gentle_cleansing|cooling|redness_support|hygiene|moisture_control,0.83,safe,strong
R237,lifestyle,Redness-support: Trigger journal,"Track stress, weather, products, and foods during flares to find repeatable triggers. For flushing/redness, avoid heat triggers and keep products gentle and fragrance-free.",rosacea_like_redness|heat_avoidance|gentle_cleansing|cooling|redness_support|tracking|trigger_tracking,0.83,safe,moderate
R238,lifestyle,Redness-support: Sun-smart routine,"Use shade, hats, and consistent sun protection habits to reduce redness and pigmentation worsening. For flushing/redness, avoid heat triggers and keep products gentle and fragrance-free.",rosacea_like_redness|heat_avoidance|gentle_cleansing|cooling|redness_support|sun_protection|routine,0.83,safe,strong
R239,lifestyle,Redness-support: Friction reduction,"Reduce friction from tight clothing and rough fabrics; friction can amplify irritation and redness. For flushing/redness, avoid heat triggers and keep products gentle and fragrance-free.",rosacea_like_redness|heat_avoidance|gentle_cleansing|cooling|redness_support|friction_reduction|gentle_care,0.83,safe,moderate
R240,lifestyle,Redness-support: Humidity and ventilation,"Keep living spaces ventilated; humidity control can help reduce fungal and irritation triggers. For flushing/redness, avoid heat triggers and keep products gentle and fragrance-free.",rosacea_like_redness|heat_avoidance|gentle_cleansing|cooling|redness_support|home_environment|moisture_control,0.83,safe,moderate
R241,home_care,Redness-support: Gentle cleansing rule,"Cleanse with mild, fragrance-free products; avoid harsh scrubbing that damages the barrier. For flushing/redness, avoid heat triggers and keep products gentle and fragrance-free.",rosacea_like_redness|heat_avoidance|gentle_cleansing|cooling|redness_support|barrier_repair,0.9,safe,strong
R242,home_care,Redness-support: Moisturize strategically,"Moisturize soon after bathing to lock in water and support barrier recovery. For flushing/redness, avoid heat triggers and keep products gentle and fragrance-free.",rosacea_like_redness|heat_avoidance|gentle_cleansing|cooling|redness_support|barrier_repair|hydration,0.9,safe,strong
R243,home_care,Redness-support: Short lukewarm showers,"Prefer short lukewarm showers over long hot ones to reduce dryness and irritation. For flushing/redness, avoid heat triggers and keep products gentle and fragrance-free.",rosacea_like_redness|heat_avoidance|gentle_cleansing|cooling|redness_support|barrier_repair|gentle_care,0.9,safe,strong
R244,home_care,Redness-support: Patch-test new products,"Test new skincare on a small area before full use to reduce contact reactions. For flushing/redness, avoid heat triggers and keep products gentle and fragrance-free.",rosacea_like_redness|heat_avoidance|gentle_cleansing|cooling|redness_support|patch_testing|irritant_avoidance,0.9,caution,moderate
R245,home_care,Redness-support: Nail and scratch control,"Keep nails short and use distractions to reduce scratching that worsens barrier injury. For flushing/redness, avoid heat triggers and keep products gentle and fragrance-free.",rosacea_like_redness|heat_avoidance|gentle_cleansing|cooling|redness_support|itching_control|barrier_repair,0.9,safe,strong
R246,home_care,Redness-support: Clean textiles routine,"Wash towels and pillowcases regularly; clean textiles can reduce irritation and recurrence cycles. For flushing/redness, avoid heat triggers and keep products gentle and fragrance-free.",rosacea_like_redness|heat_avoidance|gentle_cleansing|cooling|redness_support|hygiene|routine,0.9,safe,strong
R247,home_care,Redness-support: Breathable fabric choice,"Use breathable fabrics and avoid prolonged dampness in folds to reduce fungal recurrence risk. For flushing/redness, avoid heat triggers and keep products gentle and fragrance-free.",rosacea_like_redness|heat_avoidance|gentle_cleansing|cooling|redness_support|breathable_clothing|moisture_control,0.9,safe,moderate
R248,home_care,Redness-support: Cool compress (brief),"Use a brief cool compress for heat/itch sensations; avoid prolonged cold exposure. For flushing/redness, avoid heat triggers and keep products gentle and fragrance-free.",rosacea_like_redness|heat_avoidance|gentle_cleansing|cooling|redness_support|comfort_support,0.9,safe,moderate
R249,diet,Tone-support: Hydration-first plate,"Prioritize water-rich foods and regular fluids; dehydration can worsen skin discomfort. For uneven tone, prioritize sun protection and gentle routines; avoid irritation that can worsen marks.",hyperpigmentation_support|sun_protection|gentle_care|routine|pigmentation_support|hydration,0.84,safe,strong
R250,diet,Tone-support: Balanced low-spike meals,"Choose balanced meals and reduce frequent high-sugar spikes to support overall skin stability. For uneven tone, prioritize sun protection and gentle routines; avoid irritation that can worsen marks.",hyperpigmentation_support|sun_protection|gentle_care|routine|pigmentation_support|balanced_meals|glycemic_support,0.84,safe,strong
